"","id","age","female","performance","retreat","sales"
"1",1,44,0,91.69,FALSE,2257092.97660552
"2",2,50,1,69.55,TRUE,1979065.59504536
"3",3,46,0,47.98,TRUE,1563839.8217809
"4",4,44,1,98.37,FALSE,2235999.08812818
"5",5,47,0,66.1,TRUE,1851035.31051766
"6",6,38,1,64.24,TRUE,1788800.0290362
"7",7,50,1,84.5,FALSE,2213308.56273164
"8",8,49,1,84.11,FALSE,2092111.73198888
"9",9,41,1,84.36,FALSE,2232854.83508931
"10",10,55,1,88.44,FALSE,2249631.01484379
"11",11,44,1,83.12,FALSE,2033082.98175609
"12",12,48,0,89.63,FALSE,2164520.88744828
"13",13,44,0,87.11,FALSE,2085373.87935702
"14",14,49,1,73.95,TRUE,1981269.21741074
"15",15,49,0,51.83,TRUE,1546548.35750803
"16",16,52,0,77.21,TRUE,1996363.85018125
"17",17,43,1,83.61,FALSE,2187636.45436295
"18",18,45,0,88.68,FALSE,2185620.87049306
"19",19,50,1,87.83,FALSE,2203765.30510598
"20",20,46,1,72.57,TRUE,2084413.80674265
"21",21,58,0,83.32,FALSE,2118887.37836835
"22",22,44,1,82.58,FALSE,2086368.79896722
"23",23,40,1,65.37,TRUE,1864915.44330779
"24",24,54,0,86.08,FALSE,2196882.47515076
"25",25,60,0,93.72,FALSE,2240015.6637574
"26",26,46,1,62.52,TRUE,1707497.28271418
"27",27,44,1,89.9,FALSE,2223805.83690603
"28",28,41,1,75.48,TRUE,2127258.38416936
"29",29,45,1,88.96,FALSE,2200862.53321646
"30",30,34,0,47.42,TRUE,1584375.29139253
"31",31,47,0,83.1,FALSE,2144953.38737714
"32",32,51,0,86.28,FALSE,2151964.74270456
"33",33,50,0,83.47,FALSE,2198998.60195873
"34",34,45,1,95,FALSE,2239222.87808633
"35",35,55,1,91.32,FALSE,2128920.48054793
"36",36,42,1,97.81,FALSE,2231760.98295854
"37",37,62,1,92.86,FALSE,2209337.57546275
"38",38,49,0,80.33,FALSE,2045350.16580609
"39",39,41,1,82.96,FALSE,1948902.04570929
"40",40,46,0,90.36,FALSE,2089504.82274472
"41",41,44,1,88.05,FALSE,2215053.17153898
"42",42,45,1,80.11,FALSE,2060207.31261742
"43",43,54,1,89.59,FALSE,2232009.35376294
"44",44,43,1,89.31,FALSE,2303958.09672832
"45",45,36,0,90.74,FALSE,2185349.68860532
"46",46,43,0,92.1,FALSE,2235945.80287904
"47",47,50,0,83.79,FALSE,2159537.15785488
"48",48,39,1,83.41,FALSE,2073130.58584567
"49",49,46,0,96.08,FALSE,2202992.07716864
"50",50,49,1,84.6,FALSE,2048477.44647966
"51",51,53,1,90.76,FALSE,2196309.41108252
"52",52,42,0,89.81,FALSE,2236494.28187372
"53",53,50,1,78.13,TRUE,2016782.3207752
"54",54,50,1,62.82,TRUE,1780670.29211707
"55",55,43,0,29.04,TRUE,1415646.53278347
"56",56,51,0,87.07,FALSE,2190042.22183224
"57",57,52,0,91.23,FALSE,2182680.92124952
"58",58,39,1,75.84,TRUE,2050266.20655085
"59",59,46,0,85.77,FALSE,2157098.45574174
"60",60,54,0,75.33,TRUE,2016611.80489034
"61",61,48,1,91.05,FALSE,2234303.67562993
"62",62,46,1,68.23,TRUE,1927532.62091869
"63",63,42,1,75.06,TRUE,2016229.30437558
"64",64,46,0,82.8,FALSE,2115029.87091691
"65",65,51,0,81.46,FALSE,2080645.63638395
"66",66,41,1,60.62,TRUE,1744637.91112933
"67",67,35,1,77.97,TRUE,2057516.98229285
"68",68,50,1,93.27,FALSE,2311089.84787518
"69",69,49,0,80.69,FALSE,1887522.14477368
"70",70,41,0,78.39,TRUE,2100948.83522816
"71",71,46,0,78.26,TRUE,2097220.66710701
"72",72,54,1,93.12,FALSE,2265428.2006756
"73",73,41,0,78.32,TRUE,2095600.96698016
"74",74,51,0,55.05,TRUE,1738039.22358649
"75",75,43,1,59.31,TRUE,1738290.47904511
"76",76,55,0,63.15,TRUE,1847536.74539451
"77",77,50,0,82.02,FALSE,2196094.16605348
"78",78,47,0,78.63,TRUE,2060263.19785778
"79",79,43,0,91.58,FALSE,2211510.42434323
"80",80,47,0,76.18,TRUE,2085692.42111583
"81",81,47,0,70.03,TRUE,1918629.80815223
"82",82,30,1,27.03,TRUE,1403649.73588491
"83",83,41,1,50.56,TRUE,1625392.01876068
"84",84,55,1,83.39,FALSE,2133561.09450071
"85",85,49,1,91.01,FALSE,2170194.615737
"86",86,39,1,51.43,TRUE,1583065.3599663
"87",87,46,0,66.44,TRUE,1902417.42294754
"88",88,29,0,83.09,FALSE,2061474.89350585
"89",89,49,1,73.92,TRUE,1975897.53772461
"90",90,49,0,83.49,FALSE,2218308.10538812
"91",91,38,1,71.89,TRUE,1972493.19543944
"92",92,42,0,88.51,FALSE,2161446.45493385
"93",93,58,0,71.87,TRUE,2021502.80583744
"94",94,41,1,67.82,TRUE,1986395.78682703
"95",95,56,0,76.16,TRUE,2109194.16607641
"96",96,40,1,78.7,TRUE,2027543.01672715
"97",97,44,1,85.5,FALSE,2104716.91590966
"98",98,50,1,90.77,FALSE,2232483.89866353
"99",99,37,0,55.08,TRUE,1641221.16844955
"100",100,50,0,74.77,TRUE,1989915.16779688
"101",101,50,0,55.6,TRUE,1686294.34800742
"102",102,54,1,92.03,FALSE,2311580.19336354
"103",103,44,0,71.85,TRUE,1973976.48688181
"104",104,30,1,59.96,TRUE,1762806.31829541
"105",105,44,1,75.68,TRUE,2071133.58193917
"106",106,51,0,78.62,TRUE,2100259.10874608
"107",107,50,0,87.17,FALSE,2139462.66491376
"108",108,34,1,57.87,TRUE,1731561.27177823
"109",109,41,1,73.65,TRUE,2007050.00304694
"110",110,51,0,85.26,FALSE,2109724.29797506
"111",111,45,1,94.2,FALSE,2293419.91019122
"112",112,50,0,85.33,FALSE,2202277.5176642
"113",113,43,1,70.65,TRUE,2031862.99286872
"114",114,38,0,50.18,TRUE,1656389.7548156
"115",115,44,0,70.08,TRUE,1992517.15721725
"116",116,50,1,91.37,FALSE,2146307.11161917
"117",117,40,1,60.08,TRUE,1735102.74386788
"118",118,43,1,95.14,FALSE,2314882.65835976
"119",119,54,1,81.45,FALSE,2053258.1132941
"120",120,53,0,80.68,FALSE,1952811.13441787
"121",121,45,0,96.81,FALSE,2259036.95406384
"122",122,50,1,53.01,TRUE,1604154.50418428
"123",123,48,0,85.15,FALSE,2066236.50924075
"124",124,49,0,80.96,FALSE,2033452.17872252
"125",125,41,0,60.93,TRUE,1739300.68333121
"126",126,46,1,77.18,TRUE,2035291.6772868
"127",127,48,1,64.05,TRUE,1895439.63092766
"128",128,51,0,66.8,TRUE,1899814.36729035
"129",129,34,1,69.58,TRUE,1943552.58149308
"130",130,52,0,64.24,TRUE,1799186.02817778
"131",131,42,1,67.98,TRUE,2040538.73068084
"132",132,53,1,81.63,FALSE,2119579.24452071
"133",133,49,0,73.3,TRUE,2039635.34114405
"134",134,42,0,72.82,TRUE,1901935.88156208
"135",135,39,1,79.35,TRUE,2101793.70982214
"136",136,50,0,90.2,FALSE,2191849.62318666
"137",137,43,1,88.21,FALSE,2225668.35045804
"138",138,46,1,81.83,FALSE,2130889.90283184
"139",139,45,0,87.95,FALSE,2232038.08479838
"140",140,51,0,79.78,TRUE,2145142.56818346
"141",141,45,1,82.19,FALSE,2062912.90646229
"142",142,54,0,78.48,TRUE,2073591.33950303
"143",143,41,1,66.61,TRUE,1903695.87585995
"144",144,44,1,61.24,TRUE,1708802.61540399
"145",145,40,1,27.99,TRUE,1412432.19856984
"146",146,43,1,76.46,TRUE,2153676.10735057
"147",147,39,1,80.75,FALSE,2004351.56870048
"148",148,43,1,74.37,TRUE,2098054.03638562
"149",149,47,0,80.94,FALSE,2042703.80290372
"150",150,53,1,96.16,FALSE,2353915.75341851
"151",151,35,0,37.21,TRUE,1462832.55476887
"152",152,46,1,87.84,FALSE,2177310.61846136
"153",153,47,1,90.9,FALSE,2274905.34240862
"154",154,51,1,70.46,TRUE,1895624.86568517
"155",155,41,0,75.81,TRUE,2038129.32767138
"156",156,60,0,99.28,FALSE,2248376.14370533
"157",157,56,1,77.03,TRUE,2154752.18914303
"158",158,45,1,66.45,TRUE,1893406.05069724
"159",159,34,1,53.24,TRUE,1642592.90960984
"160",160,45,0,45.28,TRUE,1574118.84275269
"161",161,41,1,83.58,FALSE,2015495.19868789
"162",162,48,0,59.13,TRUE,1741589.48248885
"163",163,57,0,78.74,TRUE,2064048.03363113
"164",164,50,1,83.99,FALSE,2062025.06475647
"165",165,54,0,99.48,FALSE,2310363.67379808
"166",166,40,1,87.27,FALSE,2287252.94773629
"167",167,40,1,64.69,TRUE,1870258.88077626
"168",168,48,0,64.37,TRUE,1787586.33529411
"169",169,41,1,61.36,TRUE,1845703.57248786
"170",170,47,1,89.28,FALSE,2247513.91054969
"171",171,39,1,71.98,TRUE,1798264.50510129
"172",172,56,0,97.4,FALSE,2302743.54301228
"173",173,35,1,64.75,TRUE,1867836.90801125
"174",174,44,1,59.33,TRUE,1773530.90009419
"175",175,36,1,71.51,TRUE,1941440.74577887
"176",176,31,1,59.22,TRUE,1673250.12675851
"177",177,45,0,68.79,TRUE,1867364.53181098
"178",178,41,0,57.59,TRUE,1702783.12524328
"179",179,35,1,47.1,TRUE,1499704.13110458
"180",180,33,1,74.57,TRUE,2002764.96848379
"181",181,54,0,90.81,FALSE,2217817.34512069
"182",182,45,0,66.36,TRUE,1819191.98972297
"183",183,51,1,81.98,FALSE,2167283.869662
"184",184,35,0,34.38,TRUE,1455041.00269712
"185",185,58,1,94.86,FALSE,2215383.70261024
"186",186,54,1,82.21,FALSE,2142020.20622672
"187",187,45,0,66.26,TRUE,1842231.83991738
"188",188,48,0,77.94,TRUE,2020667.92404308
"189",189,46,1,84.93,FALSE,2092718.39809415
"190",190,52,0,80.49,FALSE,2116667.62141681
"191",191,49,1,61.11,TRUE,1799969.27879821
"192",192,39,1,60.31,TRUE,1756024.96694795
"193",193,46,0,69.32,TRUE,1852416.47856019
"194",194,48,1,85.64,FALSE,2146443.56763989
"195",195,42,0,59.85,TRUE,1753072.33704388
"196",196,54,1,85.95,FALSE,2096130.80279383
"197",197,47,1,71.49,TRUE,1912607.06098085
"198",198,46,1,80.81,FALSE,1971922.33310085
"199",199,46,1,80.01,FALSE,1949301.13205214
"200",200,56,1,88.93,FALSE,2305291.6173626
"201",201,54,0,72.91,TRUE,2066658.49995729
"202",202,47,1,68.62,TRUE,1810256.22401758
"203",203,59,1,90.45,FALSE,2198140.4843096
"204",204,49,0,79.69,TRUE,2053910.11022297
"205",205,49,0,74.63,TRUE,2041195.63843133
"206",206,53,1,62.03,TRUE,1817086.7255714
"207",207,41,1,74.06,TRUE,2002377.19330948
"208",208,57,0,66.47,TRUE,1928273.86685
"209",209,52,1,90.65,FALSE,2189051.48309675
"210",210,43,1,58.94,TRUE,1734996.47141611
"211",211,44,1,58.73,TRUE,1791112.60943676
"212",212,45,1,70.11,TRUE,1966940.20138349
"213",213,33,0,39.04,TRUE,1527428.36650715
"214",214,35,1,66.67,TRUE,1832958.56121007
"215",215,42,1,69.83,TRUE,1897870.80832252
"216",216,42,1,69.75,TRUE,1897389.68450984
"217",217,53,1,65.91,TRUE,1864341.40279516
"218",218,42,1,48.74,TRUE,1643644.55984446
"219",219,57,1,65.55,TRUE,1821946.28284449
"220",220,33,1,60.23,TRUE,1759577.05814717
"221",221,47,0,91.03,FALSE,2206118.76850856
"222",222,39,1,81.53,FALSE,1960987.43697607
"223",223,52,0,91.84,FALSE,2182494.98005951
"224",224,36,1,69.97,TRUE,1896045.16634628
"225",225,52,0,66.66,TRUE,1868996.3435064
"226",226,43,1,51.34,TRUE,1630591.49178477
"227",227,42,1,81.19,FALSE,2135464.20657254
"228",228,40,0,72.07,TRUE,1879854.89525213
"229",229,50,1,95.83,FALSE,2190752.00652799
"230",230,49,1,68.19,TRUE,1772400.60870882
"231",231,54,0,85.73,FALSE,2194889.04223224
"232",232,45,0,79.42,TRUE,2204237.10027415
"233",233,49,1,67.13,TRUE,1835941.78799193
"234",234,46,1,60.14,TRUE,1765992.90848712
"235",235,44,0,80.49,FALSE,2001914.03828958
"236",236,43,0,60.03,TRUE,1820662.80615133
"237",237,50,0,85.52,FALSE,2121286.37627006
"238",238,37,1,56.24,TRUE,1722012.38636529
"239",239,40,1,75.31,TRUE,2101686.44025303
"240",240,56,1,68.63,TRUE,1980275.33170289
"241",241,30,0,65.11,TRUE,1766061.38124373
"242",242,55,1,86.17,FALSE,2199755.54031297
"243",243,51,0,56.1,TRUE,1652375.24186184
"244",244,52,1,87.53,FALSE,2205145.21742759
"245",245,53,0,68.62,TRUE,1809730.72521327
"246",246,53,0,87.94,FALSE,2228029.70577982
"247",247,54,1,79.54,TRUE,2084081.06697202
"248",248,55,0,94.48,FALSE,2160169.49483968
"249",249,52,1,72.68,TRUE,1886764.46804606
"250",250,39,0,51.05,TRUE,1568704.78081748
"251",251,51,0,71.56,TRUE,1988128.50091222
"252",252,43,1,95.85,FALSE,2230467.8132596
"253",253,41,1,85.12,FALSE,2175938.99498209
"254",254,59,1,91.39,FALSE,2236731.01365825
"255",255,45,1,81.47,FALSE,2064347.72749491
"256",256,40,0,67.85,TRUE,1908619.67290958
"257",257,44,1,68.62,TRUE,1931145.67400433
"258",258,51,0,84.57,FALSE,2111016.52832094
"259",259,36,0,89.15,FALSE,2203702.03343002
"260",260,43,1,78.42,TRUE,2229773.87782891
"261",261,43,0,50.3,TRUE,1680002.61314297
"262",262,46,1,74.74,TRUE,2046151.97016296
"263",263,57,0,85.5,FALSE,2163345.54352449
"264",264,59,0,83.51,FALSE,2114777.42737454
"265",265,49,1,82.68,FALSE,2023168.15935465
"266",266,40,1,57.51,TRUE,1705007.88899597
"267",267,42,0,35.13,TRUE,1466653.24083506
"268",268,44,0,65.75,TRUE,1735309.07633057
"269",269,53,1,82.3,FALSE,2045822.50148856
"270",270,49,0,75.94,TRUE,2026112.4823089
"271",271,41,0,83.34,FALSE,2023203.07377417
"272",272,38,0,77.9,TRUE,1988656.23119843
"273",273,50,0,84.32,FALSE,2149474.34784785
"274",274,50,1,85.47,FALSE,1906131.65397387
"275",275,56,1,72.38,TRUE,2090640.1357751
"276",276,38,0,74.73,TRUE,2108702.60854569
"277",277,41,1,83.51,FALSE,2027173.19396149
"278",278,53,1,94.68,FALSE,2206526.5908459
"279",279,54,1,74.62,TRUE,2038469.50733469
"280",280,52,1,86.37,FALSE,2049216.24561697
"281",281,47,1,48.04,TRUE,1560786.53187487
"282",282,46,1,89.14,FALSE,2195756.36289704
"283",283,36,1,46.65,TRUE,1531970.419537
"284",284,53,1,85.5,FALSE,2085237.19495624
"285",285,36,0,69.22,TRUE,1846435.64172871
"286",286,48,0,53.64,TRUE,1704066.47408805
"287",287,53,0,83.72,FALSE,2094759.36416893
"288",288,45,0,63.04,TRUE,1819445.32062384
"289",289,49,0,76.81,TRUE,2109890.22869428
"290",290,52,1,91.02,FALSE,2296819.51345976
"291",291,42,1,79.93,TRUE,2093492.07020592
"292",292,54,1,79.01,TRUE,2155075.48405998
"293",293,41,0,87.6,FALSE,2162534.9152793
"294",294,48,0,76.2,TRUE,2190780.98990738
"295",295,48,1,68.38,TRUE,1903496.49556924
"296",296,48,1,51.96,TRUE,1648572.90314906
"297",297,41,0,46.09,TRUE,1581390.44331307
"298",298,46,1,73.24,TRUE,1962272.82131272
"299",299,47,1,45.42,TRUE,1563419.58319864
"300",300,46,1,86.96,FALSE,2205207.66647068
"301",301,48,0,98.36,FALSE,2221572.29237765
"302",302,48,0,83.04,FALSE,1989953.36272103
"303",303,46,0,83.68,FALSE,2104246.862093
"304",304,52,0,98.27,FALSE,2233960.17598102
"305",305,37,0,62.83,TRUE,1700886.27518575
"306",306,50,0,87.2,FALSE,2167834.18821112
"307",307,56,0,79.21,TRUE,2093195.85985276
"308",308,45,1,94.72,FALSE,2218504.85995416
"309",309,39,1,88.31,FALSE,2194293.64266768
"310",310,47,0,77.25,TRUE,2086152.30971155
"311",311,45,1,52.6,TRUE,1628509.65293479
"312",312,41,1,20,TRUE,1392825.27028265
"313",313,33,0,75.29,TRUE,1938003.87013263
"314",314,47,1,77.95,TRUE,2057678.01558617
"315",315,62,0,83.59,FALSE,2052510.11442978
"316",316,44,1,36.41,TRUE,1509787.06962798
"317",317,57,1,92.39,FALSE,2307434.8573436
"318",318,45,1,68.89,TRUE,1878200.18607171
"319",319,54,1,76.06,TRUE,2197133.83057429
"320",320,55,0,84.95,FALSE,2111144.85370028
"321",321,50,0,94.17,FALSE,2230355.29706435
"322",322,47,0,70.51,TRUE,2037796.83479011
"323",323,48,1,75.93,TRUE,2039737.22287751
"324",324,38,1,87.86,FALSE,2198546.35051011
"325",325,53,0,72.6,TRUE,1926362.09526268
"326",326,46,1,80.02,FALSE,2149003.28183454
"327",327,43,0,85.88,FALSE,2029246.16524114
"328",328,40,0,64.37,TRUE,1775199.71820944
"329",329,55,0,80.92,FALSE,1999277.18495689
"330",330,45,1,96.23,FALSE,2239071.17355625
"331",331,49,1,99.13,FALSE,2228849.40468288
"332",332,48,0,84.58,FALSE,2153306.17562793
"333",333,46,0,55.4,TRUE,1705869.95692581
"334",334,42,0,51.14,TRUE,1672366.15503285
"335",335,42,1,68.7,TRUE,2006969.38988719
"336",336,60,1,94.16,FALSE,2271206.24063585
"337",337,49,1,71.09,TRUE,2010910.46254466
"338",338,33,1,30.79,TRUE,1423932.59511146
"339",339,58,0,100,FALSE,2211890.03813687
"340",340,52,0,87.17,FALSE,2062981.49553535
"341",341,49,1,47.41,TRUE,1555499.84393655
"342",342,43,0,63.68,TRUE,1804160.00905131
"343",343,38,0,56.78,TRUE,1626774.47608986
"344",344,32,0,65.43,TRUE,1839956.95030466
"345",345,48,1,63.43,TRUE,1795517.30869444
"346",346,55,0,74.91,TRUE,1929761.20226027
"347",347,45,1,88.74,FALSE,2234020.31348829
"348",348,58,0,91.87,FALSE,2154179.05018071
"349",349,44,0,74.5,TRUE,2038406.12281709
"350",350,45,0,82.3,FALSE,2169932.11846037
"351",351,41,0,88.55,FALSE,2019292.23933242
"352",352,41,1,66.37,TRUE,1990927.01553699
"353",353,40,1,72.17,TRUE,1910276.91889874
"354",354,58,0,90.88,FALSE,2221827.10581513
"355",355,55,1,83.7,FALSE,2191648.59432538
"356",356,60,0,76.58,TRUE,2002832.99986856
"357",357,51,0,93.4,FALSE,2230750.67170962
"358",358,36,1,80.17,FALSE,2079437.3825184
"359",359,45,0,86.26,FALSE,2078137.05512572
"360",360,53,0,97.68,FALSE,2392969.82619248
"361",361,47,1,80.16,FALSE,2113760.94745513
"362",362,49,0,83.93,FALSE,2250081.9929498
"363",363,42,0,84.9,FALSE,2180059.02158972
"364",364,40,0,62.96,TRUE,1911024.53726488
"365",365,42,0,72.39,TRUE,2049106.65251333
"366",366,57,1,91.96,FALSE,2269058.30407943
"367",367,44,1,67.38,TRUE,1850218.07567173
"368",368,42,1,77.14,TRUE,2025541.97353364
"369",369,49,1,71.91,TRUE,2107450.5047298
"370",370,49,0,60.36,TRUE,1806586.55939026
"371",371,34,1,72.97,TRUE,2041848.17014914
"372",372,30,1,31.21,TRUE,1433727.09206111
"373",373,47,1,72.94,TRUE,1994330.58038375
"374",374,51,0,92.11,FALSE,2214329.74494516
"375",375,45,0,91.84,FALSE,2243246.24430691
"376",376,64,0,96.67,FALSE,2211395.632873
"377",377,54,1,87.51,FALSE,2233341.72620358
"378",378,42,0,86.72,FALSE,2214026.96766488
"379",379,52,0,84.94,FALSE,2187001.02054812
"380",380,41,1,58.54,TRUE,1790498.83656937
"381",381,52,0,92.29,FALSE,2277985.57864364
"382",382,53,0,74.75,TRUE,1935798.00565681
"383",383,42,0,64.7,TRUE,1806074.71448177
"384",384,41,0,77.68,TRUE,2107779.68570742
"385",385,46,1,71.8,TRUE,2056561.95924557
"386",386,59,0,89.05,FALSE,2219733.61903786
"387",387,47,0,92.41,FALSE,2222074.58680689
"388",388,47,1,69.77,TRUE,1967384.98588108
"389",389,43,1,82.1,FALSE,2139827.06050628
"390",390,49,1,68.49,TRUE,1924799.45042228
"391",391,47,1,67.64,TRUE,1855790.68885953
"392",392,49,0,38.69,TRUE,1522305.5963953
"393",393,38,0,82.09,FALSE,2082513.94956202
"394",394,56,0,57.53,TRUE,1724967.52034166
"395",395,64,0,85.52,FALSE,2118590.68217492
"396",396,39,1,93.91,FALSE,2225818.57733603
"397",397,51,1,91.64,FALSE,2195126.81971613
"398",398,57,1,77.89,TRUE,2126144.19419519
"399",399,44,0,73.16,TRUE,1992715.87929121
"400",400,40,1,87.43,FALSE,2146686.21047212
"401",401,38,0,70.56,TRUE,1900748.37093263
"402",402,34,0,59.3,TRUE,1799009.46675563
"403",403,50,1,92.47,FALSE,2187405.41663885
"404",404,53,1,96.78,FALSE,2259917.91161411
"405",405,59,1,92.25,FALSE,2311551.68755342
"406",406,45,1,88.41,FALSE,2065218.93600928
"407",407,52,1,80.29,FALSE,2073469.19865292
"408",408,38,1,53.94,TRUE,1667328.06753469
"409",409,39,0,69.64,TRUE,1934932.85815844
"410",410,44,1,84.39,FALSE,2205111.52298804
"411",411,53,1,75.94,TRUE,2011746.67245913
"412",412,47,1,83.51,FALSE,2146419.4803719
"413",413,38,1,48.78,TRUE,1590456.14156954
"414",414,31,1,47.57,TRUE,1577385.7634316
"415",415,54,0,91.31,FALSE,2246476.62521805
"416",416,52,0,86.75,FALSE,2114482.71215254
"417",417,54,1,95.37,FALSE,2284378.44577941
"418",418,40,1,66.32,TRUE,1838314.72315001
"419",419,41,1,70.5,TRUE,1940645.66427712
"420",420,41,0,87.88,FALSE,2189803.76179682
"421",421,40,0,59.94,TRUE,1696220.04641796
"422",422,43,1,93.56,FALSE,2280266.32790108
"423",423,45,0,90.8,FALSE,2337113.12690409
"424",424,50,1,76,TRUE,1998271.70539276
"425",425,42,0,64.23,TRUE,1812086.3497707
"426",426,50,1,58.42,TRUE,1663408.64205229
"427",427,49,1,51.07,TRUE,1643692.31896101
"428",428,46,0,91.85,FALSE,2195397.688464
"429",429,53,0,58.98,TRUE,1909616.76948637
"430",430,43,1,77.19,TRUE,2095064.87504181
"431",431,51,1,79.5,TRUE,2146598.30841399
"432",432,55,0,94.3,FALSE,2197239.2979986
"433",433,41,0,64.59,TRUE,1796296.87100417
"434",434,39,1,67.83,TRUE,1904867.96847371
"435",435,46,1,75.52,TRUE,2023586.90634673
"436",436,38,0,90.24,FALSE,2110651.48574379
"437",437,51,0,87.85,FALSE,2072813.1021504
"438",438,48,1,75.43,TRUE,2055973.41128188
"439",439,43,0,49.43,TRUE,1523266.42026734
"440",440,47,1,81.43,FALSE,1994757.16195458
"441",441,54,1,88.23,FALSE,2225644.50338891
"442",442,36,0,64.53,TRUE,1747967.15368669
"443",443,39,1,66.14,TRUE,1905750.00147864
"444",444,50,1,40.66,TRUE,1579261.15705942
"445",445,37,1,35.3,TRUE,1471591.98022277
"446",446,51,1,77.79,TRUE,2195123.08676561
"447",447,46,1,75.17,TRUE,1992100.95474332
"448",448,49,1,85.85,FALSE,2180395.74363453
"449",449,48,0,87.96,FALSE,2160384.02027802
"450",450,51,1,81.16,FALSE,2148635.59235513
"451",451,44,0,70.62,TRUE,2184585.07602581
"452",452,36,1,75.7,TRUE,2041754.56441974
"453",453,33,0,71.19,TRUE,2018762.39661977
"454",454,39,0,71.23,TRUE,1952194.44124667
"455",455,43,0,58.85,TRUE,1741431.10028087
"456",456,44,1,79.98,TRUE,2104401.70444345
"457",457,32,1,29.47,TRUE,1396626.89649891
"458",458,44,0,65.89,TRUE,1867788.82901508
"459",459,56,0,91.57,FALSE,2277475.11430359
"460",460,48,0,80.04,FALSE,2051007.15868674
"461",461,40,1,64,TRUE,1828158.93001834
"462",462,50,1,82.14,FALSE,2016158.91127108
"463",463,50,1,68.04,TRUE,1861761.54926335
"464",464,39,1,40.85,TRUE,1570964.3940852
"465",465,49,0,85.53,FALSE,2174282.57052367
"466",466,46,1,75.51,TRUE,2098609.97939183
"467",467,47,1,84.4,FALSE,2281697.18428223
"468",468,56,1,90.94,FALSE,2268293.15399823
"469",469,51,0,96.31,FALSE,2332227.05684349
"470",470,41,0,71.3,TRUE,1935494.24495599
"471",471,52,1,61.84,TRUE,1788715.76063807
"472",472,46,0,60.86,TRUE,1760452.98846259
"473",473,54,0,93.26,FALSE,2263802.1201077
"474",474,42,1,90.96,FALSE,2176088.3489543
"475",475,44,1,91.07,FALSE,2195146.15418057
"476",476,48,0,86.01,FALSE,2069288.45160209
"477",477,55,0,71.83,TRUE,1941623.91453104
"478",478,46,0,62.02,TRUE,1859414.01230675
"479",479,46,0,52,TRUE,1719231.76608873
"480",480,40,1,61.48,TRUE,1756916.14981731
"481",481,56,0,86.17,FALSE,2180188.73307999
"482",482,54,1,90.41,FALSE,2276862.06459093
"483",483,46,1,80.42,FALSE,2062162.99815914
"484",484,41,1,73.09,TRUE,1946234.08592286
"485",485,46,0,58.61,TRUE,1666058.85226345
"486",486,60,0,87.97,FALSE,2225639.84338443
"487",487,37,1,69.25,TRUE,1947418.89406249
"488",488,39,1,39.82,TRUE,1446798.02781496
"489",489,45,1,88.57,FALSE,2162833.75822909
"490",490,42,1,79.15,TRUE,2229612.84440692
"491",491,40,1,95.88,FALSE,2213919.33676175
"492",492,60,0,69.33,TRUE,1975297.10591914
"493",493,40,0,85.39,FALSE,2225930.40224518
"494",494,44,1,88.84,FALSE,2187425.66416134
"495",495,32,1,87.15,FALSE,2218036.44774147
"496",496,43,1,65.73,TRUE,1844061.23184564
"497",497,52,0,97.74,FALSE,2344525.85963632
"498",498,62,1,82.36,FALSE,2253517.65392934
"499",499,44,0,89.79,FALSE,2220937.45526786
"500",500,47,1,89.24,FALSE,2226382.40657146
"501",501,50,0,65.01,TRUE,1820361.56483879
"502",502,52,1,67.89,TRUE,1880262.01940466
"503",503,44,1,77.15,TRUE,2017791.60249274
"504",504,43,0,63.46,TRUE,1843513.4590133
"505",505,55,1,84.87,FALSE,2052113.09978933
"506",506,57,1,97.16,FALSE,2375704.18942293
"507",507,40,0,79.29,TRUE,1983738.14505883
"508",508,44,1,81.44,FALSE,2079089.41373008
"509",509,43,1,72.09,TRUE,1995484.95327181
"510",510,42,0,66.17,TRUE,1894071.7809296
"511",511,41,1,52.8,TRUE,1631821.85542948
"512",512,40,1,74.31,TRUE,2218777.3427156
"513",513,48,0,83.51,FALSE,2095317.25051323
"514",514,46,1,80.43,FALSE,2012450.24469209
"515",515,50,1,55.84,TRUE,1741708.28888949
"516",516,46,1,87.98,FALSE,2235568.5401006
"517",517,51,1,89.15,FALSE,2206980.01793727
"518",518,40,0,68.75,TRUE,1931402.400045
"519",519,42,0,61.56,TRUE,1774146.58029451
"520",520,38,1,56.91,TRUE,1654008.43791242
"521",521,45,1,74.97,TRUE,2061848.38873676
"522",522,44,1,78.45,TRUE,2103535.26812004
"523",523,39,0,47.27,TRUE,1542794.76474706
"524",524,53,0,91.13,FALSE,2226638.83574678
"525",525,40,0,50.25,TRUE,1686260.68433068
"526",526,47,1,85.27,FALSE,2195987.98087347
"527",527,52,0,72.6,TRUE,1922457.28537795
"528",528,51,1,64.85,TRUE,1895320.64756486
"529",529,45,0,72.59,TRUE,1989912.13644246
"530",530,43,0,83.54,FALSE,2131146.87299322
"531",531,48,0,71.77,TRUE,1878370.73075138
"532",532,44,0,87.82,FALSE,2167143.49538164
"533",533,55,0,85.59,FALSE,2016639.98714885
"534",534,43,1,48.82,TRUE,1578251.43105513
"535",535,51,0,68.02,TRUE,1853129.58583994
"536",536,54,1,88.52,FALSE,2209782.72950853
"537",537,50,0,75.07,TRUE,2001580.68546364
"538",538,43,0,61.96,TRUE,1797289.79521953
"539",539,48,1,88.35,FALSE,2178340.09107177
"540",540,45,1,81.67,FALSE,2007758.75042383
"541",541,37,1,50.72,TRUE,1632088.51321949
"542",542,55,0,82.86,FALSE,2111392.0625311
"543",543,52,0,95.2,FALSE,2270480.66885524
"544",544,36,1,66.22,TRUE,1916118.28531013
"545",545,48,0,93.49,FALSE,2307196.54961971
"546",546,54,0,93.84,FALSE,2254711.45127212
"547",547,47,0,73.84,TRUE,1892690.07478765
"548",548,51,1,74.1,TRUE,1955097.35063885
"549",549,53,1,75.8,TRUE,2083388.54571949
"550",550,44,1,69.16,TRUE,1925018.6071658
"551",551,40,1,85.81,FALSE,2204952.64664918
"552",552,39,1,72.86,TRUE,2024774.3920711
"553",553,46,0,83.66,FALSE,2079169.81635476
"554",554,36,0,76.45,TRUE,2055373.78815794
"555",555,48,1,91.14,FALSE,2217987.39522583
"556",556,45,0,77.3,TRUE,2037733.20042626
"557",557,44,0,73.19,TRUE,1938848.50387889
"558",558,50,0,86.18,FALSE,2206676.89006112
"559",559,38,1,74.4,TRUE,2096056.25678301
"560",560,46,0,85.49,FALSE,2136030.32397166
"561",561,39,0,85.43,FALSE,2077139.64089994
"562",562,46,1,78.85,TRUE,2115885.91864968
"563",563,31,0,64.61,TRUE,1808487.95136179
"564",564,51,0,78.86,TRUE,2214949.36848875
"565",565,48,0,71.4,TRUE,1799192.54928818
"566",566,45,0,51.51,TRUE,1603727.78267624
"567",567,56,1,80.18,FALSE,2059102.76322164
"568",568,44,1,77.09,TRUE,2132392.30470184
"569",569,51,0,64.11,TRUE,1793743.28268032
"570",570,51,1,92.15,FALSE,2261556.60447589
"571",571,54,1,63.3,TRUE,1875920.36742741
"572",572,58,0,83.95,FALSE,2013139.41863033
"573",573,54,0,91.04,FALSE,2270380.84165857
"574",574,48,1,95.86,FALSE,2240708.11667882
"575",575,36,1,86.35,FALSE,2276471.25102686
"576",576,43,0,91.35,FALSE,2202638.20480194
"577",577,45,0,91.43,FALSE,2237904.053192
"578",578,55,0,91.74,FALSE,2188569.72031722
"579",579,39,1,63.27,TRUE,1859531.4932677
"580",580,53,1,88.38,FALSE,2142775.70196391
"581",581,47,0,84.99,FALSE,2024467.46991554
"582",582,49,0,82.13,FALSE,2130581.08405369
"583",583,44,1,71.41,TRUE,1904422.58261241
"584",584,56,1,81.18,FALSE,2141974.72756756
"585",585,39,0,55.72,TRUE,1670072.06095772
"586",586,48,0,80.3,FALSE,1898566.70565954
"587",587,50,1,97.75,FALSE,2385989.06488439
"588",588,47,1,76.96,TRUE,2106166.11946427
"589",589,47,1,96.33,FALSE,2278985.83880287
"590",590,38,0,52.48,TRUE,1646455.62300936
"591",591,40,0,86.75,FALSE,2086299.70776507
"592",592,49,1,90.82,FALSE,2293976.61155811
"593",593,43,0,84.73,FALSE,2118272.39262953
"594",594,53,0,62.26,TRUE,1724835.34610753
"595",595,60,1,70.06,TRUE,1950021.26599232
"596",596,46,1,89.35,FALSE,2137581.70039278
"597",597,39,1,75.35,TRUE,2118748.7175676
"598",598,49,1,62.65,TRUE,1832885.37813723
"599",599,47,1,34.06,TRUE,1458239.50758521
"600",600,49,0,72.67,TRUE,1942442.33323642
"601",601,51,0,86.17,FALSE,2130784.47555497
"602",602,46,1,80.47,FALSE,1925516.66904537
"603",603,45,0,56.27,TRUE,1726880.80788826
"604",604,38,1,52.69,TRUE,1697851.58343925
"605",605,40,1,65.48,TRUE,1879809.31161302
"606",606,39,1,78.92,TRUE,2156277.50119416
"607",607,49,0,91.91,FALSE,2348931.05422551
"608",608,47,0,81.37,FALSE,2042593.47537643
"609",609,51,0,84.12,FALSE,2190071.45268351
"610",610,43,1,68.43,TRUE,1958518.78315896
"611",611,47,1,59.76,TRUE,1808289.33258109
"612",612,40,0,91.29,FALSE,2351171.11775088
"613",613,42,1,82.71,FALSE,1988735.07795242
"614",614,36,1,72.45,TRUE,1896893.53674655
"615",615,41,0,81.57,FALSE,1988323.28624867
"616",616,54,1,91.69,FALSE,2254833.93129761
"617",617,58,0,99.15,FALSE,2257502.7998753
"618",618,53,0,75.66,TRUE,2136716.36432719
"619",619,40,0,75.83,TRUE,1987797.94997441
"620",620,32,0,29.23,TRUE,1397454.70775729
"621",621,41,0,97.04,FALSE,2280396.17580999
"622",622,54,1,85.67,FALSE,2177918.25985373
"623",623,47,1,54.19,TRUE,1661459.959783
"624",624,50,1,68.1,TRUE,1816169.7527384
"625",625,45,0,72.82,TRUE,1967000.61991266
"626",626,46,0,85.12,FALSE,2001540.30621245
"627",627,57,0,71.19,TRUE,1971029.57274378
"628",628,43,1,79.37,TRUE,2158651.53525112
"629",629,45,1,72.98,TRUE,1943659.74226511
"630",630,49,0,84.54,FALSE,2122635.68745958
"631",631,31,0,39.73,TRUE,1508329.39941277
"632",632,51,1,81.47,FALSE,2030491.4160707
"633",633,41,0,80.49,FALSE,2023895.85934733
"634",634,40,0,81.21,FALSE,2068092.69705917
"635",635,36,0,80.41,FALSE,2105364.71573926
"636",636,46,1,73.3,TRUE,1992748.17498631
"637",637,46,0,67.21,TRUE,1877440.17727496
"638",638,45,1,59.83,TRUE,1904713.37571995
"639",639,53,0,79.9,TRUE,2071279.81028294
"640",640,44,1,88.86,FALSE,2228141.18614166
"641",641,48,1,93.55,FALSE,2198338.45258578
"642",642,47,1,74.38,TRUE,2042744.65937999
"643",643,52,1,74.18,TRUE,2072217.7135323
"644",644,47,0,73.06,TRUE,1872936.65637566
"645",645,60,1,77.01,TRUE,2063695.5450566
"646",646,54,1,73.18,TRUE,2199945.75090489
"647",647,42,0,73.38,TRUE,1984151.25045795
"648",648,48,1,86.81,FALSE,2063723.81172428
"649",649,41,0,66.9,TRUE,1872822.36094509
"650",650,39,1,90.59,FALSE,2211563.76719713
"651",651,49,1,93.79,FALSE,2288404.2308013
"652",652,46,1,77.43,TRUE,2177882.18256157
"653",653,51,0,90.68,FALSE,2209720.86247412
"654",654,46,1,62.37,TRUE,1725323.30956802
"655",655,49,1,77.86,TRUE,2193425.27066565
"656",656,45,0,86.98,FALSE,2180475.14383149
"657",657,52,1,77.21,TRUE,1939544.60251541
"658",658,32,0,36.85,TRUE,1502757.64329631
"659",659,57,0,77.27,TRUE,2107769.80817715
"660",660,59,1,80.88,FALSE,1956933.33339654
"661",661,45,0,67.39,TRUE,1879713.0581898
"662",662,40,0,49.68,TRUE,1683393.10542613
"663",663,43,1,90.01,FALSE,2183911.35803043
"664",664,46,0,78.49,TRUE,2007921.93025546
"665",665,39,0,48.19,TRUE,1587714.94076623
"666",666,46,1,68.12,TRUE,1979382.77930754
"667",667,59,1,78.56,TRUE,2116830.27209282
"668",668,50,1,92.54,FALSE,2243638.34827536
"669",669,32,0,80.07,FALSE,2079170.84306336
"670",670,51,0,78.51,TRUE,2076637.61669217
"671",671,46,0,76.7,TRUE,2091485.70315416
"672",672,31,0,30.27,TRUE,1451317.95208448
"673",673,54,0,82.9,FALSE,2209829.22915165
"674",674,47,1,94.65,FALSE,2336275.03949195
"675",675,49,0,64.48,TRUE,1820956.43131737
"676",676,42,0,77.24,TRUE,2047580.32976882
"677",677,48,1,78.84,TRUE,2185137.25875417
"678",678,47,0,60.96,TRUE,1842863.51341254
"679",679,57,1,99.56,FALSE,2372217.1472799
"680",680,49,1,84.21,FALSE,2097215.27166207
"681",681,57,0,77.97,TRUE,2124670.08952284
"682",682,37,1,61.74,TRUE,1751152.53207266
"683",683,43,0,79.79,TRUE,2086467.3746359
"684",684,50,0,89.7,FALSE,2162958.06609366
"685",685,46,0,67.41,TRUE,1827187.42460081
"686",686,48,0,74.82,TRUE,2006474.86115923
"687",687,53,0,73.04,TRUE,2018700.79317425
"688",688,37,1,45.68,TRUE,1565141.64145195
"689",689,46,1,84.05,FALSE,2004789.05668955
"690",690,59,1,92.07,FALSE,2186499.94594042
"691",691,41,1,92.34,FALSE,2234435.33782985
"692",692,67,0,89.9,FALSE,2104354.59174414
"693",693,47,1,93.24,FALSE,2280630.26899891
"694",694,45,1,76.11,TRUE,2055501.76979934
"695",695,50,0,77.02,TRUE,2066440.96544819
"696",696,51,1,57.12,TRUE,1643880.55423718
"697",697,50,1,90.7,FALSE,2232553.63078431
"698",698,45,1,79.13,TRUE,2124188.34610522
"699",699,41,0,62.74,TRUE,1884889.46597436
"700",700,42,1,81.29,FALSE,2118366.4055167
"701",701,45,1,56.9,TRUE,1741327.41333741
"702",702,41,1,59.4,TRUE,1862107.06251236
"703",703,49,1,85.28,FALSE,2137759.59791028
"704",704,43,1,87.05,FALSE,2143582.8976196
"705",705,43,1,78.64,TRUE,1984607.27465224
"706",706,35,1,75.07,TRUE,2237715.00090186
"707",707,47,1,76.21,TRUE,2179714.86457804
"708",708,56,1,84.41,FALSE,2165405.92963134
"709",709,54,0,88.86,FALSE,2205069.94235491
"710",710,57,0,91.02,FALSE,2216334.19225929
"711",711,52,0,53.19,TRUE,1675181.33719667
"712",712,57,1,89.5,FALSE,2203191.95734
"713",713,44,0,37.36,TRUE,1509133.24063355
"714",714,54,0,77.72,TRUE,2042033.49850094
"715",715,48,1,84.01,FALSE,2071126.23536428
"716",716,49,1,90.46,FALSE,2230149.69486315
"717",717,44,1,75.54,TRUE,1978244.55148819
"718",718,38,0,79.32,TRUE,2263179.04560963
"719",719,33,0,72.11,TRUE,1887684.15218217
"720",720,41,1,84.9,FALSE,2111718.62405589
"721",721,46,1,61.13,TRUE,1745611.9120558
"722",722,48,1,58.86,TRUE,1750300.6259793
"723",723,35,1,48.25,TRUE,1612216.06559016
"724",724,53,1,71.25,TRUE,1995072.56357712
"725",725,43,1,84.51,FALSE,1905359.4512717
"726",726,52,0,76.62,TRUE,1902108.73931418
"727",727,53,1,94.99,FALSE,2253665.8407034
"728",728,49,1,72.65,TRUE,1921066.93552871
"729",729,46,0,82.36,FALSE,2049424.50523259
"730",730,44,0,66.64,TRUE,1923621.20424446
"731",731,47,1,79.91,TRUE,2179756.97459019
"732",732,53,1,93.19,FALSE,2280428.24889589
"733",733,33,1,74.49,TRUE,2000356.79097898
"734",734,44,1,92.96,FALSE,2290020.77766771
"735",735,32,1,53.69,TRUE,1717494.49639516
"736",736,59,0,96.2,FALSE,2344063.87531616
"737",737,45,1,77.77,TRUE,2203379.4297023
"738",738,55,1,65.41,TRUE,1751987.95291731
"739",739,51,1,94.25,FALSE,2230001.37711614
"740",740,48,1,88.39,FALSE,2252478.60351531
"741",741,52,0,83.54,FALSE,2071161.42743979
"742",742,46,1,71.97,TRUE,1895253.40979509
"743",743,62,0,81.01,FALSE,1942782.30980519
"744",744,42,1,90.02,FALSE,2222336.51132113
"745",745,36,1,66.56,TRUE,1996963.93036554
"746",746,56,1,83.8,FALSE,2108717.25980021
"747",747,42,0,64.23,TRUE,1843182.8510639
"748",748,40,1,83.52,FALSE,2095085.69844055
"749",749,48,1,89.19,FALSE,2216437.05775296
"750",750,55,1,76.93,TRUE,1994813.83873109
"751",751,52,0,60.59,TRUE,1780228.1692935
"752",752,34,0,70.31,TRUE,1861273.31547064
"753",753,50,1,76.29,TRUE,2052810.25754252
"754",754,46,1,96.81,FALSE,2271586.116162
"755",755,49,0,75.94,TRUE,2031546.71252043
"756",756,40,0,88.15,FALSE,2215660.64004931
"757",757,49,1,78.8,TRUE,2233685.91277613
"758",758,44,0,69.9,TRUE,2046590.48257445
"759",759,58,1,94.24,FALSE,2308758.03482609
"760",760,43,0,58.77,TRUE,1686345.13196096
"761",761,51,1,70.21,TRUE,1921265.16700937
"762",762,38,1,51.03,TRUE,1644822.32005199
"763",763,55,1,83.99,FALSE,2101492.47564185
"764",764,52,0,83.31,FALSE,1958711.31859926
"765",765,44,1,89.6,FALSE,2140405.17217649
"766",766,43,0,81.39,FALSE,2125519.80069425
"767",767,46,0,52.29,TRUE,1590528.49514831
"768",768,40,1,52.76,TRUE,1651436.31507714
"769",769,49,1,96.21,FALSE,2347764.79266384
"770",770,53,1,55.86,TRUE,1622148.14831635
"771",771,42,0,49.49,TRUE,1674765.92047569
"772",772,41,0,61.43,TRUE,1829171.6230697
"773",773,36,1,88.04,FALSE,2193529.92175019
"774",774,27,0,48.61,TRUE,1662998.1554499
"775",775,36,1,58.44,TRUE,1725961.90305508
"776",776,40,0,60.24,TRUE,1778602.82131658
"777",777,44,0,81.69,FALSE,1974775.24111435
"778",778,37,1,55.18,TRUE,1721427.60710358
"779",779,53,1,73.02,TRUE,2071390.49544129
"780",780,51,1,76.45,TRUE,2120706.22329745
"781",781,37,1,34.6,TRUE,1493818.96471924
"782",782,33,1,57.68,TRUE,1781203.87092842
"783",783,50,1,82.38,FALSE,1952852.81226542
"784",784,52,1,94.01,FALSE,2217634.30984207
"785",785,42,0,62.17,TRUE,1778930.51140422
"786",786,45,1,82.62,FALSE,2026480.30235682
"787",787,25,0,53.56,TRUE,1679302.61473066
"788",788,50,1,65.17,TRUE,1776770.71005863
"789",789,42,1,74.77,TRUE,2082533.98299889
"790",790,28,1,76.76,TRUE,1986265.33108065
"791",791,52,1,81.38,FALSE,2079194.85422125
"792",792,46,0,71.22,TRUE,1875255.5675139
"793",793,61,1,90.75,FALSE,2299520.58545209
"794",794,43,0,59.97,TRUE,1758563.994249
"795",795,55,1,81.89,FALSE,1983547.44069881
"796",796,49,1,86.71,FALSE,2097996.65143257
"797",797,47,1,80.83,FALSE,2065472.43625016
"798",798,59,1,95.8,FALSE,2255892.99262398
"799",799,50,1,81.19,FALSE,1987060.19113968
"800",800,52,0,73.12,TRUE,1956214.47317813
"801",801,42,1,83.98,FALSE,2103514.99078131
"802",802,52,1,82.15,FALSE,2053796.65775092
"803",803,42,1,67.19,TRUE,1879249.04151663
"804",804,44,1,70.73,TRUE,1953341.61464636
"805",805,49,1,85.82,FALSE,2224038.70470787
"806",806,54,0,62.71,TRUE,1838856.7634082
"807",807,46,1,71.63,TRUE,1963191.36667371
"808",808,41,0,59.61,TRUE,1711919.26818272
"809",809,60,0,92.75,FALSE,2192959.93159972
"810",810,45,1,78.65,TRUE,2129461.31155081
"811",811,45,0,83.86,FALSE,2136746.99455343
"812",812,49,0,89.99,FALSE,2252123.39117858
"813",813,35,0,57.28,TRUE,1809723.5472149
"814",814,45,0,65.23,TRUE,1718230.8254842
"815",815,58,1,91.86,FALSE,2199763.85168487
"816",816,54,0,93.25,FALSE,2220444.82548363
"817",817,52,1,95.63,FALSE,2310914.05101896
"818",818,50,0,73.21,TRUE,1976419.19993445
"819",819,37,1,91.07,FALSE,2151377.35159127
"820",820,46,1,81.63,FALSE,1982864.14825644
"821",821,52,1,81.19,FALSE,1908306.12065325
"822",822,48,0,68.54,TRUE,1978814.23052522
"823",823,47,0,90.91,FALSE,2220410.35346172
"824",824,51,1,76.95,TRUE,2129668.948517
"825",825,43,0,86.74,FALSE,2180931.26540989
"826",826,45,1,70.98,TRUE,2044862.03562784
"827",827,57,1,87.97,FALSE,2183556.25605231
"828",828,42,0,74.64,TRUE,2214258.91369542
"829",829,48,0,61.79,TRUE,1807387.61032494
"830",830,57,0,89.59,FALSE,2237226.95618232
"831",831,47,0,78.96,TRUE,2161549.19385709
"832",832,42,1,68.06,TRUE,1941040.76157899
"833",833,43,1,76.84,TRUE,2060252.46879773
"834",834,43,1,96.89,FALSE,2235691.34019802
"835",835,42,0,57.71,TRUE,1755436.22824179
"836",836,43,1,74.92,TRUE,2052411.74830607
"837",837,52,1,77.01,TRUE,2035838.67450792
"838",838,49,1,66.3,TRUE,1893590.08533947
"839",839,45,1,79.08,TRUE,2031651.85125185
"840",840,47,1,89.54,FALSE,2199357.88403744
"841",841,49,1,85.59,FALSE,2176365.45681441
"842",842,52,1,74.12,TRUE,2002180.83083167
"843",843,45,0,71.45,TRUE,2062503.68569833
"844",844,55,1,89.43,FALSE,2122452.38579059
"845",845,45,1,82.55,FALSE,2049670.19728614
"846",846,54,0,87.75,FALSE,2175673.38540483
"847",847,48,1,92.05,FALSE,2217730.86736604
"848",848,58,1,85.82,FALSE,2164785.65624726
"849",849,40,1,72.31,TRUE,1890211.12051675
"850",850,37,1,69.42,TRUE,1910007.78514371
"851",851,42,1,62.15,TRUE,1761932.60805229
"852",852,43,0,70.87,TRUE,1898525.74602897
"853",853,43,1,72.14,TRUE,1992311.65265211
"854",854,39,0,52,TRUE,1588384.70284476
"855",855,55,0,78.19,TRUE,2242492.2478287
"856",856,51,1,70.03,TRUE,2004611.67296226
"857",857,45,1,88.53,FALSE,2061001.40584003
"858",858,49,1,96.11,FALSE,2316268.5747829
"859",859,54,1,79.05,TRUE,2143228.60267329
"860",860,41,1,63.15,TRUE,1684546.3916868
"861",861,40,0,64.81,TRUE,1820465.99270055
"862",862,52,1,57.58,TRUE,1717777.73485003
"863",863,52,1,82.66,FALSE,2182428.97500292
"864",864,53,0,91.68,FALSE,2266402.03271929
"865",865,46,1,69.02,TRUE,1996590.18855201
"866",866,50,1,94.39,FALSE,2290681.12336549
"867",867,27,0,60.96,TRUE,1742878.43979346
"868",868,54,1,59.16,TRUE,1815829.89624706
"869",869,37,1,52.45,TRUE,1657858.61773343
"870",870,47,1,79.18,TRUE,2248013.89443401
"871",871,44,0,85.82,FALSE,2187855.91235854
"872",872,42,1,65.7,TRUE,1882679.03388017
"873",873,43,1,31.91,TRUE,1454249.85743652
"874",874,50,1,91.63,FALSE,2217270.90987399
"875",875,48,1,82.54,FALSE,2066642.0666643
"876",876,42,0,72.32,TRUE,1972565.68356284
"877",877,46,0,73.92,TRUE,2012003.31923196
"878",878,61,0,82.65,FALSE,2236169.83498774
"879",879,47,0,98.36,FALSE,2367857.08287046
"880",880,51,1,80.07,FALSE,2065238.55240886
"881",881,52,0,91.46,FALSE,2189949.21980344
"882",882,45,0,74.56,TRUE,2097364.60367818
"883",883,52,0,87.84,FALSE,1991272.67254312
"884",884,49,1,77.34,TRUE,2008871.66611259
"885",885,56,1,86.68,FALSE,2151363.4479544
"886",886,46,0,82.1,FALSE,1958597.13435219
"887",887,54,1,81.64,FALSE,2009226.88341856
"888",888,36,0,40.02,TRUE,1541317.9659056
"889",889,43,1,58.8,TRUE,1757261.28689623
"890",890,54,1,79.31,TRUE,2087429.33252894
"891",891,52,1,91.87,FALSE,2233269.32502513
"892",892,48,1,49.14,TRUE,1678838.61455117
"893",893,55,1,93.63,FALSE,2292863.61229467
"894",894,64,1,91.46,FALSE,2228088.52150297
"895",895,51,1,87.11,FALSE,2207118.24255284
"896",896,50,0,89.35,FALSE,2271532.8447884
"897",897,51,1,88.6,FALSE,2181466.84374194
"898",898,43,0,41.4,TRUE,1488575.49794297
"899",899,39,0,77.14,TRUE,1993082.7892145
"900",900,45,1,86.36,FALSE,2182229.39914605
"901",901,45,0,60,TRUE,1717759.00498899
"902",902,50,0,71.26,TRUE,1913047.19382327
"903",903,53,1,91.81,FALSE,2288737.52183367
"904",904,39,1,84.31,FALSE,2017809.68292528
"905",905,45,1,63.56,TRUE,1817799.47912224
"906",906,36,1,55.41,TRUE,1741504.65473136
"907",907,55,1,75.44,TRUE,2074461.4558212
"908",908,48,1,95.61,FALSE,2195761.46233374
"909",909,63,0,86.55,FALSE,2125238.31083129
"910",910,44,0,79.03,TRUE,2050986.34239036
"911",911,47,0,64.63,TRUE,1872802.86129374
"912",912,43,1,74.05,TRUE,2089271.98751882
"913",913,55,0,74.07,TRUE,2040909.16482833
"914",914,39,0,67.07,TRUE,1877504.6219604
"915",915,36,1,80.1,FALSE,2061871.27426353
"916",916,41,1,82.41,FALSE,2138935.75298228
"917",917,42,1,73.34,TRUE,2050544.27607805
"918",918,47,1,87.55,FALSE,2227486.92124143
"919",919,58,0,80.22,FALSE,1924951.54760834
"920",920,56,0,83.86,FALSE,2132043.07612723
"921",921,46,1,88.25,FALSE,2249780.95826202
"922",922,39,0,52.54,TRUE,1587607.66268869
"923",923,54,0,92.32,FALSE,2360794.48349642
"924",924,46,1,83,FALSE,2023743.29508869
"925",925,50,0,68.77,TRUE,1839608.42950541
"926",926,42,1,77.18,TRUE,2094652.31054148
"927",927,36,0,70.12,TRUE,1809874.37771315
"928",928,49,1,92.65,FALSE,2243557.05167087
"929",929,49,1,82.43,FALSE,2193443.29272621
"930",930,46,1,95.48,FALSE,2293660.5746644
"931",931,42,1,87.89,FALSE,2251509.94017855
"932",932,41,0,45.95,TRUE,1584050.14926482
"933",933,44,1,70.08,TRUE,1940482.4540278
"934",934,42,1,73.54,TRUE,1994060.99154873
"935",935,51,1,88.93,FALSE,2199019.65562747
"936",936,48,1,84.25,FALSE,2163575.92320293
"937",937,54,0,89.82,FALSE,2191661.97986847
"938",938,44,1,74.17,TRUE,1965809.0813926
"939",939,39,1,57.46,TRUE,1720513.14774017
"940",940,46,1,69.07,TRUE,1902514.82433521
"941",941,50,0,85.08,FALSE,2190314.04309039
"942",942,44,1,63.08,TRUE,1759758.32761033
"943",943,49,0,67.06,TRUE,1944125.25499764
"944",944,46,1,55.25,TRUE,1654044.76281525
"945",945,57,1,82.59,FALSE,2205667.82563503
"946",946,46,1,91.43,FALSE,2209387.6719968
"947",947,46,1,76.75,TRUE,2166714.55111643
"948",948,42,0,68.99,TRUE,1869869.33283978
"949",949,44,1,76.48,TRUE,2116710.71472583
"950",950,41,1,66.14,TRUE,1908402.3286609
"951",951,53,0,76.73,TRUE,2082776.51662108
"952",952,44,0,79.31,TRUE,2219563.3259805
"953",953,40,1,77.52,TRUE,2111645.56917358
"954",954,54,1,75.6,TRUE,2089988.5555953
"955",955,49,0,72.99,TRUE,1983643.36232337
"956",956,49,1,84.37,FALSE,2073672.393658
"957",957,42,1,73.63,TRUE,2194901.21592919
"958",958,51,1,86.1,FALSE,2182609.53104493
"959",959,45,1,90.63,FALSE,2328010.47928603
"960",960,43,0,56.36,TRUE,1709359.2606395
"961",961,46,0,60.4,TRUE,1784305.49951433
"962",962,57,1,84.41,FALSE,2229032.79760833
"963",963,40,0,41.88,TRUE,1476129.01909037
"964",964,31,1,78.64,TRUE,2123040.0715493
"965",965,49,0,80.16,FALSE,1905690.8884175
"966",966,45,1,89.15,FALSE,2172218.28700017
"967",967,46,1,75.65,TRUE,2121613.01391246
"968",968,50,1,77.68,TRUE,2173087.06289766
"969",969,46,1,73.89,TRUE,2244181.33907631
"970",970,44,0,65.71,TRUE,1870936.44132418
"971",971,49,0,53.41,TRUE,1657842.26343195
"972",972,44,1,68.44,TRUE,1866254.41024077
"973",973,46,0,50.83,TRUE,1667832.75921701
"974",974,47,0,48.58,TRUE,1629683.03242152
"975",975,47,1,81.41,FALSE,2017210.33854413
"976",976,42,1,62.65,TRUE,1812453.39262655
"977",977,42,1,90.86,FALSE,2281174.93723761
"978",978,45,1,89.23,FALSE,2240204.77251321
"979",979,53,1,69.63,TRUE,1954455.88748642
"980",980,46,1,82.6,FALSE,1969479.57450859
"981",981,44,1,95.64,FALSE,2341523.35481589
"982",982,41,1,53.43,TRUE,1641466.29777275
"983",983,37,1,87.88,FALSE,2214161.16634945
"984",984,49,1,67.1,TRUE,1886843.48365743
"985",985,37,0,66.49,TRUE,1847479.98573339
"986",986,36,1,33.42,TRUE,1462908.67766529
"987",987,46,1,71.28,TRUE,1959525.59444866
"988",988,44,1,60.16,TRUE,1702167.24248772
"989",989,45,0,82.07,FALSE,2103796.62116353
"990",990,42,1,95.17,FALSE,2195750.59633732
"991",991,51,1,72.39,TRUE,2088261.30225977
"992",992,46,1,93.39,FALSE,2262796.09865959
"993",993,45,0,76.31,TRUE,2034622.37606629
"994",994,47,0,73.26,TRUE,2086664.87571496
"995",995,44,1,81.2,FALSE,1956575.98199595
"996",996,34,1,36.76,TRUE,1522066.5511188
"997",997,36,1,31.71,TRUE,1456476.04554927
"998",998,51,0,89.3,FALSE,2284455.28672816
"999",999,48,0,57.62,TRUE,1634230.62262196
"1000",1000,46,1,81.61,FALSE,2039330.62522582
"1001",1001,51,0,89.47,FALSE,2096904.23893869
"1002",1002,35,1,75.53,TRUE,2020149.16179628
"1003",1003,42,0,56.72,TRUE,1719471.32554045
"1004",1004,42,0,49.47,TRUE,1576673.30028374
"1005",1005,57,0,86.1,FALSE,2238229.72563192
"1006",1006,44,0,72.45,TRUE,2007474.39802606
"1007",1007,31,1,45.11,TRUE,1505948.47634534
"1008",1008,43,1,94.71,FALSE,2254595.97232026
"1009",1009,43,1,81.06,FALSE,2028739.29056891
"1010",1010,48,1,85.18,FALSE,2083598.07154742
"1011",1011,56,1,80.61,FALSE,2125108.79569843
"1012",1012,43,0,59.55,TRUE,1792328.70967658
"1013",1013,54,0,72.47,TRUE,2029741.37740771
"1014",1014,44,1,76.54,TRUE,2019167.09531949
"1015",1015,48,0,78.81,TRUE,2105570.10064023
"1016",1016,46,0,90.48,FALSE,2308107.55280099
"1017",1017,48,0,70.14,TRUE,1949680.64714029
"1018",1018,41,1,49.94,TRUE,1597157.18481401
"1019",1019,41,1,48.69,TRUE,1549704.89615093
"1020",1020,45,1,66.38,TRUE,1878313.47615595
"1021",1021,50,1,91.27,FALSE,2223159.36662106
"1022",1022,43,1,87.64,FALSE,2196403.63313637
"1023",1023,51,0,86.42,FALSE,2250213.55510818
"1024",1024,40,1,93.68,FALSE,2317346.59097501
"1025",1025,46,1,74.43,TRUE,2042979.32022422
"1026",1026,45,1,43.52,TRUE,1568245.46918739
"1027",1027,52,1,98.65,FALSE,2236455.47953961
"1028",1028,46,0,57.65,TRUE,1895614.89200357
"1029",1029,51,0,78.82,TRUE,2141732.39628215
"1030",1030,49,1,87.02,FALSE,2177890.06413743
"1031",1031,45,0,57.32,TRUE,1733784.40162726
"1032",1032,43,0,73.33,TRUE,1971843.19981661
"1033",1033,52,0,88.78,FALSE,2205754.82910915
"1034",1034,43,1,86.22,FALSE,2204216.63454408
"1035",1035,54,0,94.92,FALSE,2202961.65324165
"1036",1036,36,0,21.07,TRUE,1383852.00518741
"1037",1037,38,0,78.01,TRUE,2116055.48388629
"1038",1038,47,1,86.84,FALSE,2131679.30106151
"1039",1039,56,1,82.42,FALSE,2020776.55489744
"1040",1040,50,0,84.14,FALSE,2076100.47534458
"1041",1041,38,1,93.36,FALSE,2239376.39409912
"1042",1042,54,0,94.36,FALSE,2308684.18249688
"1043",1043,51,0,62.14,TRUE,1746788.06166662
"1044",1044,47,0,66.8,TRUE,1898553.90176318
"1045",1045,45,1,72.35,TRUE,1897298.47599713
"1046",1046,42,1,89.99,FALSE,2187174.94986537
"1047",1047,53,0,85.5,FALSE,2015347.59945986
"1048",1048,47,0,89.67,FALSE,2222033.66414247
"1049",1049,57,1,78.19,TRUE,2076494.00698758
"1050",1050,53,0,72.31,TRUE,2193646.43617133
"1051",1051,38,0,61.82,TRUE,1769285.66621659
"1052",1052,44,1,63.67,TRUE,1850217.88557401
"1053",1053,35,1,61.95,TRUE,1815409.94973295
"1054",1054,36,0,42.42,TRUE,1541127.00519177
"1055",1055,47,0,47.57,TRUE,1619779.02799242
"1056",1056,43,0,84.69,FALSE,2052294.79035505
"1057",1057,38,0,57.84,TRUE,1680079.84850576
"1058",1058,46,0,65.51,TRUE,1887977.20126306
"1059",1059,36,1,72.87,TRUE,1953983.55308714
"1060",1060,50,1,88.59,FALSE,2209171.9123453
"1061",1061,43,0,62.19,TRUE,1771148.57172734
"1062",1062,41,0,73.97,TRUE,1888681.31097891
"1063",1063,49,1,81.28,FALSE,1948237.68461795
"1064",1064,51,1,52.94,TRUE,1662509.53393166
"1065",1065,44,1,50.84,TRUE,1698452.03482987
"1066",1066,47,1,54.38,TRUE,1727511.27582312
"1067",1067,48,0,88.53,FALSE,2215844.18470557
"1068",1068,36,0,52.5,TRUE,1593346.96414715
"1069",1069,45,0,86.73,FALSE,2241679.3977622
"1070",1070,52,0,66.58,TRUE,1829851.57684758
"1071",1071,47,1,71.56,TRUE,2009193.69546923
"1072",1072,51,0,86.29,FALSE,2034479.66746884
"1073",1073,33,1,76.27,TRUE,2154803.66338352
"1074",1074,41,1,68.04,TRUE,1881465.63343601
"1075",1075,35,0,41.88,TRUE,1531626.19596647
"1076",1076,46,0,78.38,TRUE,2203463.62100835
"1077",1077,44,1,69.26,TRUE,1960781.21426879
"1078",1078,53,1,92.88,FALSE,2191396.39934393
"1079",1079,38,1,61.02,TRUE,1810115.98601276
"1080",1080,43,1,71.06,TRUE,1879568.92609153
"1081",1081,48,1,60.86,TRUE,1701502.7902034
"1082",1082,51,1,82.14,FALSE,2145972.87596199
"1083",1083,48,1,77.73,TRUE,2205528.69817637
"1084",1084,53,1,72.83,TRUE,1996891.86543106
"1085",1085,42,1,77.13,TRUE,2086518.35461837
"1086",1086,44,1,55.17,TRUE,1746525.55144145
"1087",1087,47,0,87.01,FALSE,2185652.01164068
"1088",1088,48,0,71.18,TRUE,1972955.55780459
"1089",1089,37,0,62.53,TRUE,1788595.75687612
"1090",1090,48,0,92.04,FALSE,2218955.00025248
"1091",1091,33,1,70.62,TRUE,1878933.57309885
"1092",1092,54,0,84.76,FALSE,2129394.13079577
"1093",1093,41,0,59.11,TRUE,1736958.90040842
"1094",1094,41,1,95.61,FALSE,2233175.25796245
"1095",1095,41,1,70.83,TRUE,1988685.21328938
"1096",1096,53,1,84.31,FALSE,2151807.41616905
"1097",1097,34,0,81.3,FALSE,2008272.47029883
"1098",1098,57,0,92.27,FALSE,2193140.51717499
"1099",1099,38,1,67.1,TRUE,1902818.20052823
"1100",1100,53,0,95.06,FALSE,2270899.06889114
"1101",1101,46,0,77.74,TRUE,2079460.69194643
"1102",1102,53,0,65.48,TRUE,1801299.4996993
"1103",1103,42,1,73.58,TRUE,2050915.48277179
"1104",1104,47,1,54.79,TRUE,1617458.96168898
"1105",1105,41,1,74.22,TRUE,2021741.97990351
"1106",1106,38,1,88.09,FALSE,2218214.72726025
"1107",1107,54,1,94.91,FALSE,2220667.65887205
"1108",1108,62,1,90.45,FALSE,2206632.99854277
"1109",1109,51,1,88.57,FALSE,2198838.85412555
"1110",1110,56,1,94.26,FALSE,2223483.65866104
"1111",1111,36,1,49.57,TRUE,1639130.91685194
"1112",1112,36,1,38.57,TRUE,1486373.41747363
"1113",1113,44,1,84.96,FALSE,2141023.66419057
"1114",1114,40,0,73.54,TRUE,2022940.82441864
"1115",1115,46,1,48.73,TRUE,1552974.4609635
"1116",1116,47,1,62.89,TRUE,1843906.92053226
"1117",1117,46,1,72.08,TRUE,1941406.3147492
"1118",1118,59,0,91.29,FALSE,2284687.85567144
"1119",1119,46,0,68.83,TRUE,1788705.04992532
"1120",1120,44,1,78.4,TRUE,2009859.05665021
"1121",1121,48,1,85.57,FALSE,2079482.98342297
"1122",1122,46,1,86.17,FALSE,2249784.27385586
"1123",1123,42,1,70.3,TRUE,1943290.39398895
"1124",1124,38,0,63.99,TRUE,1879756.699423
"1125",1125,42,1,67.53,TRUE,1920056.13276314
"1126",1126,53,0,65.71,TRUE,1866219.88108474
"1127",1127,49,1,83.29,FALSE,2011340.16316806
"1128",1128,41,1,73.2,TRUE,1933340.68821089
"1129",1129,48,1,60.07,TRUE,1705780.22585192
"1130",1130,54,0,97.84,FALSE,2297873.65039072
"1131",1131,47,0,76.95,TRUE,2051390.10075494
"1132",1132,56,0,74.4,TRUE,2018800.04885461
"1133",1133,40,1,79.42,TRUE,2116543.12919459
"1134",1134,52,0,74.21,TRUE,2012409.4146593
"1135",1135,49,0,97.02,FALSE,2312006.41465161
"1136",1136,39,1,68.01,TRUE,1806558.85715692
"1137",1137,47,0,75.13,TRUE,2084290.97171717
"1138",1138,53,1,83.34,FALSE,2023802.6423724
"1139",1139,49,1,99.5,FALSE,2209120.82399627
"1140",1140,50,1,82.15,FALSE,2037237.61407237
"1141",1141,50,1,72.89,TRUE,1948646.24081925
"1142",1142,53,0,76.51,TRUE,2092562.50108808
"1143",1143,41,1,68.57,TRUE,1999922.61223267
"1144",1144,42,0,59.26,TRUE,1753482.49087525
"1145",1145,33,1,55.75,TRUE,1683979.04814825
"1146",1146,45,0,51.89,TRUE,1632524.45899235
"1147",1147,37,1,56.52,TRUE,1715517.84416432
"1148",1148,53,1,81.24,FALSE,2074922.64300437
"1149",1149,39,0,75.66,TRUE,2038926.99996575
"1150",1150,44,1,42.79,TRUE,1487791.62964054
"1151",1151,46,1,61.6,TRUE,1843490.00400069
"1152",1152,43,0,68,TRUE,1888213.45252008
"1153",1153,30,1,41.66,TRUE,1541661.16842797
"1154",1154,61,1,85.2,FALSE,2218895.01692195
"1155",1155,52,0,74.71,TRUE,2087649.85982136
"1156",1156,58,1,79.6,TRUE,2226846.78631843
"1157",1157,48,0,72.55,TRUE,2057222.46224788
"1158",1158,54,0,77.85,TRUE,2105080.84255564
"1159",1159,45,0,43.16,TRUE,1531927.16833462
"1160",1160,43,1,72.54,TRUE,2007778.59644729
"1161",1161,45,1,73.9,TRUE,2045181.4813051
"1162",1162,41,1,85.92,FALSE,2127393.99122119
"1163",1163,48,1,82.26,FALSE,1968696.54544475
"1164",1164,55,1,94.6,FALSE,2283425.10160185
"1165",1165,38,0,66.55,TRUE,1847805.77332904
"1166",1166,41,1,55.12,TRUE,1648893.41327356
"1167",1167,50,1,92.83,FALSE,2268081.8133511
"1168",1168,41,0,66.75,TRUE,1845342.21380189
"1169",1169,43,0,68.4,TRUE,1983819.93506417
"1170",1170,49,1,71.3,TRUE,1955504.77488318
"1171",1171,51,1,73.82,TRUE,2066723.85293446
"1172",1172,49,1,68.31,TRUE,1785391.44909798
"1173",1173,36,1,37.53,TRUE,1472368.02588091
"1174",1174,43,1,65.57,TRUE,1874418.91610256
"1175",1175,38,1,64.7,TRUE,1875103.47856389
"1176",1176,51,0,84.01,FALSE,2070289.66252592
"1177",1177,40,0,76.3,TRUE,2070837.14749619
"1178",1178,54,1,83.41,FALSE,2240205.45153637
"1179",1179,50,1,67.19,TRUE,1885809.16217825
"1180",1180,44,1,66.56,TRUE,1844482.16900618
"1181",1181,42,0,58.6,TRUE,1727642.40795057
"1182",1182,42,0,88.72,FALSE,2286644.822363
"1183",1183,53,1,77.69,TRUE,2002087.88736553
"1184",1184,54,1,83.2,FALSE,2209544.46579525
"1185",1185,55,1,81.3,FALSE,2090676.20128996
"1186",1186,44,1,61.61,TRUE,1750554.20380339
"1187",1187,38,0,84.92,FALSE,2155267.11398989
"1188",1188,45,1,46.39,TRUE,1521351.85148301
"1189",1189,48,1,66.25,TRUE,1843414.35769062
"1190",1190,39,1,73.46,TRUE,2037170.79076666
"1191",1191,50,0,94.75,FALSE,2337472.55778898
"1192",1192,50,0,81.16,FALSE,2020175.18853052
"1193",1193,52,0,80.19,FALSE,1950866.45189926
"1194",1194,41,0,60.46,TRUE,1750475.41542805
"1195",1195,51,0,94.75,FALSE,2187038.82633361
"1196",1196,45,1,58.99,TRUE,1775963.05107402
"1197",1197,36,1,35.9,TRUE,1487504.02082427
"1198",1198,41,1,94.42,FALSE,2305956.45250131
"1199",1199,38,0,55.17,TRUE,1723410.42806494
"1200",1200,49,0,68.36,TRUE,1925238.34936054
