id,flex,level,female,haskids,salary,tenure,produc
1,1,Manager,0,0,136906.8025,9,5.16
2,0,Entry,1,0,50003.45537,1,6.91
3,1,Manager,0,1,122896.5026,9,4.4
4,1,Manager,0,1,126221.4435,8,4.06
5,0,Entry,0,0,53094.36852,2,6.96
6,0,Entry,0,1,50166.46417,3,3.08
7,1,Manager,0,1,118304.4965,9,8.77
8,1,Manager,0,1,118975.1668,9,4.08
9,1,Manager,0,0,129704.978,11,5.35
10,0,Entry,1,0,45608.6033,1,5.76
11,1,Manager,1,0,115702.1905,9,6.55
12,1,Manager,1,1,106476.7068,7,5.94
13,1,Manager,1,1,108011.3589,7,5.06
14,1,Manager,0,0,139638.0329,11,4.1
15,0,Entry,0,0,45081.41478,0,4.57
16,1,Manager,0,0,121717.0885,8,6.26
17,1,Manager,1,1,126050.4953,8,4.47
18,0,Entry,0,0,50642.85329,2,5.24
19,0,Entry,0,0,56086.9858,4,5.92
20,0,Entry,1,1,51814.3023,3,4.18
21,0,Entry,1,0,47221.02419,1,4.57
22,1,Manager,0,0,126838.1436,9,7.04
23,1,Manager,0,1,135843.8577,10,4.1
24,0,Entry,1,1,45773.90461,2,3.21
25,1,Manager,0,1,112573.9905,5,5.04
26,0,Entry,1,1,52620.76419,2,3.39
27,0,Entry,0,1,48067.61678,1,4.61
28,1,Manager,0,1,127109.0064,10,7.08
29,1,Manager,1,1,115803.1318,8,5.75
30,0,Entry,1,0,49527.97799,2,6.05
31,1,Manager,1,1,104503.8365,5,4.83
32,0,Entry,0,0,41343.54096,0,6.59
33,1,Manager,0,0,123065.396,7,5.45
34,1,Manager,1,1,113405.1249,5,7.17
35,1,Manager,0,0,110835.3515,7,7.45
36,1,Manager,1,1,104608.3765,5,2.72
37,1,Manager,0,1,122750.9699,9,5.84
38,1,Manager,0,0,125160.836,11,7.38
39,0,Entry,1,0,53229.30655,3,5.24
40,0,Entry,0,0,55181.02129,3,5.72
41,0,Entry,0,1,54705.43158,4,6.54
42,0,Entry,0,0,50480.23716,3,4.96
43,1,Manager,0,0,116687.6943,6,4
44,0,Entry,1,1,48894.79016,2,3.26
45,1,Manager,1,1,109864.4991,7,4.59
46,1,Manager,0,1,146948.6345,15,4.3
47,1,Manager,1,0,120321.5811,8,7.85
48,0,Entry,0,1,47359.26611,2,4.17
49,0,Entry,1,0,48092.63873,2,5.03
50,1,Manager,0,1,120700.0711,7,4.09
51,1,Manager,0,1,127547.2309,10,4.95
52,0,Entry,1,0,51987.97619,3,4.57
53,0,Entry,0,1,54062.67825,3,6.02
54,0,Entry,1,1,43454.10305,0,6.99
55,0,Entry,0,0,50175.81713,2,5.92
56,0,Entry,1,0,48884.29839,2,4.92
57,0,Entry,1,0,45826.68696,1,6.59
58,1,Manager,1,1,118355.1615,7,5
59,0,Entry,0,1,51736.77129,3,3.78
60,0,Entry,0,0,49239.70006,3,5.24
61,1,Manager,0,0,115414.7599,8,3.62
62,0,Entry,1,1,49636.96076,2,6.53
63,0,Entry,0,0,54137.5366,3,7
64,0,Entry,1,0,56191.15169,4,7.93
65,1,Manager,0,1,148622.1422,15,5.47
66,1,Manager,1,1,111274.3887,7,3.04
67,0,Entry,1,0,46229.03087,1,6.44
68,0,Entry,1,1,50246.51525,3,4.8
69,0,Entry,1,1,50947.42597,1,5.67
70,0,Entry,1,1,49205.60882,1,4.31
71,0,Entry,1,1,50347.34875,2,6.06
72,1,Manager,1,0,106853.5069,6,5.21
73,1,Manager,0,1,125019.1278,7,4.99
74,1,Manager,0,0,129009.961,9,6.18
75,0,Entry,1,0,53918.5316,3,5.92
76,0,Entry,0,0,48192.38986,2,6.59
77,1,Manager,0,0,121576.2073,6,4.75
78,1,Manager,0,1,127895.0513,9,4.45
79,0,Entry,0,1,48462.16715,2,5.74
80,1,Manager,1,1,122874.7022,7,4.95
81,1,Manager,0,1,131278.3434,9,6.02
82,0,Entry,0,0,47067.74302,1,5.24
83,0,Entry,0,0,44027.72645,1,4.57
84,0,Entry,0,0,52657.07506,2,4.57
85,1,Manager,0,0,127149.0322,11,5.77
86,1,Manager,1,1,114918.062,8,6.24
87,0,Entry,1,1,49869.04753,2,6.46
88,1,Manager,0,1,108576.7625,7,5.32
89,1,Manager,0,1,118410.4872,6,5.55
90,0,Entry,0,1,47953.49847,1,4.42
91,0,Entry,0,0,49100.21774,2,5.92
92,0,Entry,0,0,52198.18957,2,7.03
93,0,Entry,1,1,54485.77941,4,3.83
94,1,Manager,0,1,138752.3835,11,5.8
95,1,Manager,0,1,101731.0081,6,6.1
96,0,Entry,1,1,54127.80074,2,7.1
97,0,Entry,0,0,51947.27428,3,7.26
98,1,Manager,0,1,127014.78,11,9.01
99,1,Manager,0,1,122958.8709,7,2.29
100,1,Manager,0,1,130742.7425,10,4.48
101,1,Manager,1,0,96794.56788,4,8.52
102,0,Entry,0,0,49437.87099,2,7.54
103,0,Entry,0,0,49176.93593,1,7.26
104,0,Entry,0,0,50326.74715,2,5.24
105,1,Manager,1,0,106673.4469,6,7.41
106,0,Entry,0,0,51650.95257,3,7.39
107,1,Manager,0,1,141327.9425,13,5.26
108,1,Manager,0,1,124959.1284,9,5.46
109,0,Entry,0,0,52498.15498,2,5.24
110,0,Entry,0,1,49630.71722,1,4.49
111,1,Manager,0,0,135031.0369,11,7.66
112,0,Entry,1,1,52882.34424,4,4.07
113,0,Entry,0,0,51394.32148,3,5.63
114,1,Manager,0,1,128607.116,10,6.79
115,1,Manager,0,1,127912.5134,10,6.18
116,0,Entry,1,0,49538.09085,3,3.23
117,1,Manager,0,1,136773.1443,11,5.67
118,1,Manager,0,1,127670.9911,11,5.21
119,0,Entry,0,1,48919.30647,1,5.29
120,1,Manager,0,0,119049.4412,7,8.52
121,0,Manager,1,1,87455.58691,2,2.74
122,0,Entry,0,0,42242.17332,1,6.93
123,1,Manager,1,1,110190.9781,7,4.53
124,0,Entry,0,0,51159.58638,2,6.14
125,0,Entry,1,0,47893.22369,1,5.92
126,0,Entry,0,0,52799.68849,3,5.24
127,0,Entry,1,0,46622.04125,1,5.92
128,0,Entry,1,1,43372.51995,0,4.18
129,1,Manager,1,1,113424.9755,6,7.44
130,1,Manager,0,1,110548.2935,5,5.73
131,0,Entry,0,1,51189.76898,2,3.1
132,1,Manager,0,0,102408.3049,4,7.62
133,0,Entry,0,1,44753.81231,0,3.93
134,1,Manager,0,0,137674.7073,10,5.43
135,1,Manager,0,0,130402.9102,9,5.58
136,0,Entry,1,0,48983.24731,1,6.59
137,1,Manager,1,1,104553.6222,6,6.4
138,0,Entry,1,0,52994.67235,3,8.42
139,1,Manager,1,1,100043.7181,4,3.68
140,1,Manager,1,0,98703.37828,5,5.04
141,0,Entry,0,1,47298.75629,1,3.5
142,1,Manager,0,1,147971.2293,12,3.41
143,1,Manager,0,1,111127.743,5,7.06
144,0,Entry,0,1,56253.26241,3,5.4
145,0,Entry,0,1,43402.61213,1,4.03
146,0,Entry,0,0,46165.53634,1,5.24
147,1,Manager,1,0,103238.6746,6,4.33
148,1,Manager,0,1,130836.704,10,5.9
149,0,Entry,1,1,45199.33906,1,4.44
150,0,Entry,1,0,48287.75426,1,4.57
151,1,Manager,0,1,137355.1701,11,5.75
152,1,Manager,0,1,140267.7864,10,2.6
153,0,Entry,0,0,47522.87227,2,5.55
154,0,Entry,1,0,52966.33075,2,6.59
155,1,Manager,0,0,118744.3139,7,7.24
156,1,Manager,0,1,140577.0595,11,7.16
157,1,Manager,0,1,114154.1036,7,7.73
158,1,Manager,1,1,105612.5266,6,4.1
159,0,Entry,0,0,56533.47812,4,5.11
160,1,Manager,1,1,92914.47222,1,6.85
161,1,Manager,0,1,143937.2069,12,5.84
162,0,Entry,1,1,47999.69658,2,5.42
163,1,Manager,0,1,118278.7487,8,4.99
164,1,Manager,0,0,123453.5008,9,5.68
165,1,Manager,1,0,107454.5158,7,5.8
166,1,Manager,0,0,130214.1142,9,3.81
167,1,Manager,0,0,121368.0564,7,8.6
168,0,Entry,1,0,53055.4852,2,5.92
169,0,Entry,1,1,51627.99721,3,5.37
170,1,Manager,0,0,115146.7386,5,8.36
171,0,Entry,0,0,46150.66329,0,5.24
172,1,Manager,0,1,151941.4497,16,7.75
173,1,Manager,1,0,114569.1446,8,5.66
174,1,Manager,1,1,107118.354,7,5.07
175,1,Manager,1,1,118420.9336,8,4.39
176,0,Entry,0,0,51394.92575,2,6.59
177,1,Manager,0,0,119011.6073,7,5.01
178,0,Entry,0,0,51752.14174,3,7.28
179,1,Manager,1,1,104021.7228,3,5.59
180,0,Entry,1,0,44274.08362,0,7.53
181,1,Manager,0,1,131958.05,9,5.4
182,1,Manager,0,0,113129.6963,6,4.99
183,1,Manager,0,0,134013.5788,12,8.39
184,0,Entry,1,1,54916.03583,3,6.87
185,1,Manager,1,1,102116.1935,5,6.86
186,0,Entry,0,0,51826.76708,3,4.57
187,0,Entry,1,1,54935.98067,2,4.17
188,1,Manager,1,0,101055.4692,2,6.47
189,0,Entry,0,1,52212.75249,2,3.7
190,0,Entry,1,1,52877.09783,2,5.36
191,0,Entry,0,0,46394.83838,2,3.9
192,0,Entry,0,0,48939.72418,1,4.7
193,1,Manager,0,0,135375.1316,9,5.77
194,0,Entry,1,1,53413.86935,3,6.83
195,1,Manager,0,1,107748.2403,7,5.88
196,1,Manager,0,0,133764.0802,13,7.53
197,1,Manager,0,1,119222.8632,9,3.89
198,1,Manager,1,0,128975.0793,9,7.69
199,0,Entry,1,0,44431.65813,2,5.92
200,0,Entry,0,1,52468.04207,2,5.61
201,1,Manager,1,1,96011.82324,5,2.94
202,1,Manager,0,1,132167.9245,10,4.78
203,0,Entry,0,1,52391.08354,2,5.18
204,0,Entry,1,0,43033.7384,1,3.9
205,1,Manager,0,1,121941.4894,9,3.33
206,0,Entry,1,1,51798.95205,2,5.09
207,1,Manager,0,1,134838.67,11,4.52
208,1,Manager,1,0,98080.08529,4,6.2
209,0,Entry,1,0,47437.28387,1,5.58
210,1,Manager,0,1,130246.9712,11,5.39
211,0,Entry,1,0,46935.35024,2,7.21
212,1,Manager,0,0,118447.5582,8,5.56
213,0,Entry,0,1,42571.19723,0,2.3
214,1,Manager,1,0,108560.7897,4,7.78
215,1,Manager,0,1,137858.5411,11,4.98
216,0,Entry,0,0,52084.93925,2,7.12
217,0,Entry,0,1,52640.66987,3,5.93
218,0,Entry,1,1,51752.46474,3,5.54
219,0,Entry,0,0,44978.28528,1,5.92
220,1,Manager,1,1,119989.4278,7,6.7
221,0,Entry,1,1,55720.50815,3,4.68
222,1,Manager,0,1,124861.1911,7,7.78
223,1,Manager,0,0,125277.9015,10,5.55
224,1,Manager,0,0,148479.938,12,6.3
225,1,Manager,1,1,99332.65269,5,5.18
226,1,Manager,0,0,115931.5793,9,7.61
227,1,Manager,0,1,124685.053,11,4.28
228,1,Manager,1,1,111841.7122,7,5.59
229,0,Entry,1,0,55186.4971,3,8.21
230,0,Entry,1,1,50077.02831,1,4.06
231,1,Manager,0,1,105965.8154,4,3.74
232,1,Manager,1,1,93574.41555,3,7.31
233,1,Manager,0,1,137808.3846,13,4.76
234,0,Entry,1,0,48459.4831,1,5.24
235,0,Entry,0,0,45113.2865,1,7.26
236,0,Entry,0,0,44777.17587,1,6.52
237,1,Manager,0,0,121248.6463,8,7.14
238,1,Manager,0,1,137586.8022,11,4.94
239,1,Manager,0,0,129976.1861,11,8.34
240,0,Entry,0,0,51669.40945,2,4.57
241,0,Entry,1,0,47278.71256,2,5.24
242,1,Manager,0,1,122625.3516,7,8.33
243,0,Entry,1,0,48424.67158,1,5.92
244,0,Entry,1,1,46046.6539,1,1.6
245,1,Manager,1,1,93989.90201,4,5.16
246,0,Entry,0,1,55757.66405,3,4.42
247,1,Manager,1,0,104873.6207,4,5.65
248,1,Manager,0,1,126888.3567,8,7.1
249,0,Entry,0,0,51758.34476,2,5.24
250,0,Entry,0,1,47470.26458,1,7.72
251,1,Manager,0,0,98432.93917,3,6.52
252,0,Entry,0,1,48252.48131,1,5.52
253,1,Manager,1,1,106590.2247,6,6.15
254,1,Manager,0,1,127315.6255,8,6.15
255,0,Entry,0,1,56318.67797,4,7.46
256,0,Entry,1,1,47964.56963,1,5.02
257,1,Manager,0,1,114973.1424,8,3.82
258,1,Manager,0,1,127442.9588,8,4.39
259,0,Entry,1,0,49070.97994,1,3.9
260,0,Entry,0,1,51179.44263,2,3.12
261,0,Entry,1,0,55945.87262,2,6.87
262,1,Manager,0,1,113836.7975,6,1.73
263,1,Manager,0,0,128059.4215,9,6.61
264,1,Manager,0,1,107831.8846,7,4.79
265,1,Manager,0,1,109399.1082,5,4.78
266,1,Manager,0,1,134346.3134,11,7.41
267,1,Manager,0,1,142330.852,11,6.45
268,1,Manager,1,0,107792.7041,4,5.88
269,0,Entry,1,0,51017.24936,2,7.76
270,0,Entry,1,1,54512.94408,3,5.55
271,0,Entry,0,0,54818.75691,2,4.57
272,1,Manager,0,0,117623.17,9,7.85
273,0,Entry,0,1,46031.52918,1,6.41
274,1,Manager,0,0,118996.6312,8,3.82
275,0,Entry,0,1,49974.19399,3,7.6
276,0,Manager,1,0,88355.14304,3,4.41
277,0,Entry,0,0,43466.78687,0,7.82
278,1,Manager,1,1,108471.1483,4,6.41
279,0,Entry,1,0,47858.83335,1,4.57
280,0,Manager,1,0,86924.1,2,7.68
281,1,Manager,1,1,92041.05756,1,6.31
282,0,Entry,0,0,43732.92691,1,7.4
283,1,Manager,0,1,107294.4012,7,5.25
284,1,Manager,1,0,124859.7218,8,8.55
285,1,Manager,1,1,107484.9427,7,4.61
286,1,Manager,0,0,130935.3786,10,5.68
287,1,Manager,0,1,145486.9947,15,7.51
288,1,Manager,0,1,116060.386,6,5.31
289,0,Entry,0,1,47110.92624,1,3.07
290,1,Manager,0,1,106273.689,4,5.56
291,1,Manager,1,0,114409.766,5,4.79
292,1,Manager,0,0,121175.7983,7,6.3
293,1,Manager,0,0,123158.0346,9,8.19
294,0,Entry,0,1,53368.19518,2,6.66
295,0,Entry,0,0,48241.1163,2,5.24
296,0,Entry,0,1,48484.87122,2,3.45
297,0,Entry,0,1,51626.2904,1,5.3
298,1,Manager,1,1,96824.93547,3,6.96
299,1,Manager,0,1,124594.6393,7,4.51
300,1,Manager,0,0,112309.1565,6,8.28
301,0,Entry,1,1,49151.63532,1,4.13
302,1,Manager,0,1,142582.2539,14,3.16
303,1,Manager,0,1,125625.4883,8,6.18
304,0,Entry,1,1,51927.40227,3,4.77
305,0,Entry,1,1,54974.65863,2,3.11
306,1,Manager,0,0,135492.1009,10,8.5
307,1,Manager,0,0,130804.2911,10,6.02
308,1,Manager,0,1,125853.6741,8,4.53
309,1,Manager,0,0,145114.5176,15,4.07
310,1,Manager,0,1,117815.3559,7,4.43
311,0,Entry,1,1,47505.8704,2,5.48
312,0,Entry,0,0,44870.83661,1,5.24
313,0,Entry,0,0,50205.70897,2,5.24
314,0,Entry,0,0,56318.72665,3,7.48
315,0,Entry,0,1,52299.3748,2,5.01
316,1,Manager,0,0,128415.1695,10,5.72
317,1,Manager,0,1,138040.3203,10,3.96
318,1,Manager,0,1,128329.1841,9,3.19
319,0,Entry,1,0,44167.6192,2,6.59
320,1,Manager,1,0,108686.3473,6,6.81
321,1,Manager,1,0,117614.826,6,7.82
322,0,Entry,1,1,43835.21948,1,6.07
323,0,Entry,0,1,46105.58769,2,3.33
324,0,Entry,1,1,51854.85769,2,4.22
325,1,Manager,1,0,131910.0635,11,6.34
326,0,Entry,0,1,45611.89405,1,4.16
327,0,Entry,0,1,51373.96232,2,2.11
328,0,Entry,1,0,43630.18541,1,5.24
329,0,Entry,0,0,51164.85266,3,7.79
330,1,Manager,0,0,127359.905,11,2.72
331,0,Entry,1,1,48677.5008,1,4.46
332,1,Manager,0,0,115324.3286,7,6.44
333,0,Entry,0,1,55259.08237,3,4.97
334,1,Manager,0,0,128628.9621,10,4.58
335,1,Manager,0,1,122137.9509,7,3.07
336,1,Manager,1,0,110359.0321,5,7.55
337,1,Manager,0,0,120640.7699,7,5.19
338,0,Entry,1,1,56657.62404,3,2.58
339,1,Manager,0,0,129562.2718,10,6.21
340,0,Entry,0,1,47607.21369,2,6.27
341,0,Entry,1,0,49587.00415,2,4.57
342,0,Entry,0,1,49699.10381,2,5.3
343,0,Entry,1,0,47018.15241,2,7.18
344,0,Entry,0,0,45249.05082,1,6.25
345,0,Entry,1,1,49183.67878,1,6.28
346,0,Entry,1,0,51556.60836,1,5.92
347,0,Entry,0,0,42321.49547,1,4.99
348,0,Entry,0,0,52004.42781,2,7.76
349,0,Entry,0,1,47746.04779,2,4.08
350,1,Manager,1,1,111296.8415,7,5.07
351,0,Entry,1,0,51421.30196,2,6.08
352,0,Entry,1,0,49878.05037,2,5.24
353,0,Entry,0,1,54098.02355,3,3.34
354,0,Entry,1,0,52552.36738,2,7.51
355,1,Manager,0,1,119446.2819,9,4.94
356,1,Manager,0,1,134525.1565,10,4.62
357,0,Entry,0,0,44619.01002,1,6.56
358,1,Manager,0,1,121548.6587,10,6.02
359,1,Manager,1,0,111519.6196,4,6.82
360,1,Manager,0,1,139059.0183,10,4.01
361,1,Manager,0,1,117569.4862,6,4.39
362,0,Entry,1,1,47991.46224,2,4.99
363,0,Entry,0,1,53821.92079,3,4.05
364,1,Manager,0,1,125113.5192,8,6.73
365,0,Entry,0,1,49413.68155,3,4.27
366,0,Entry,0,0,47460.98083,1,6.72
367,0,Entry,0,0,44564.80152,1,5.36
368,0,Entry,1,0,52122.34692,3,5.24
369,1,Manager,1,0,102711.6865,3,6.61
370,0,Entry,0,1,53633.51971,3,5.54
371,0,Entry,1,1,48941.19908,3,5.78
372,0,Entry,1,0,47007.26555,2,4.57
373,0,Entry,1,0,56497.12399,2,6.65
374,1,Manager,0,1,114840.8529,7,4.36
375,0,Entry,0,0,49134.23716,2,6.99
376,0,Entry,1,1,49673.60189,2,6.65
377,1,Manager,0,0,129565.9183,9,6.73
378,0,Entry,0,1,51157.34804,3,4.47
379,1,Manager,0,0,141342.3627,13,7.33
380,1,Manager,1,1,131953.3161,9,2.33
381,0,Entry,0,0,42485.49319,0,4.57
382,0,Entry,1,0,42993.57034,0,7.69
383,0,Entry,1,1,46816.23388,1,3.34
384,1,Manager,0,0,112592.1347,5,5.91
385,0,Entry,0,0,43317.8431,1,7.26
386,0,Entry,1,1,48754.60838,2,7.47
387,1,Manager,0,1,125559.2493,9,6.38
388,1,Manager,0,1,125192.5034,11,3.55
389,1,Manager,0,1,105719.2366,7,3.6
390,0,Entry,1,1,46053.48772,1,4.84
391,0,Entry,0,1,56038.81302,4,5.46
392,1,Manager,1,1,91237.53665,3,2.75
393,1,Manager,1,1,97931.42102,2,4.15
394,0,Entry,0,1,50066.22614,3,5.17
395,1,Manager,0,1,114797.4132,9,6.83
396,0,Entry,0,1,49649.49099,2,4.51
397,0,Entry,1,1,47576.09715,2,4.17
398,0,Entry,0,1,53270.10502,2,5.07
399,1,Manager,0,0,128565.018,9,5.57
400,0,Entry,0,0,51007.8628,2,7.1
401,0,Entry,1,0,49652.02289,3,4.57
402,0,Entry,1,1,43722.94214,0,4.83
403,0,Entry,0,0,40683.92128,1,3.9
404,1,Manager,0,0,107212.6815,5,3.79
405,1,Manager,1,1,100070.2972,4,4.21
406,0,Entry,0,0,47781.17744,1,6.59
407,1,Manager,0,1,110498.6697,5,6.02
408,1,Manager,0,0,109271.1948,8,7.47
409,0,Entry,0,1,52526.77058,2,2.73
410,1,Manager,0,1,129811.1719,8,6.03
411,0,Entry,1,1,44329.60066,0,4.09
412,1,Manager,0,1,95436.50615,3,3.86
413,0,Entry,0,0,50938.54291,3,7.08
414,1,Manager,0,1,124449.7728,9,3.8
415,1,Manager,0,1,121105.9542,8,4.18
416,0,Entry,0,1,54697.54641,3,5.07
417,0,Entry,1,0,44166.2583,0,6.73
418,0,Entry,1,1,48824.54771,1,4.2
419,1,Manager,0,1,115306.7786,9,7.62
420,0,Entry,0,1,54851.82425,4,4.85
421,1,Manager,0,1,113178.7377,8,8.39
422,0,Entry,0,0,48686.01008,1,6.59
423,0,Entry,1,0,47994.64049,2,2.56
424,1,Manager,0,1,124422.0717,10,5.09
425,1,Manager,0,1,122037.3092,9,7.12
426,0,Entry,0,1,43084.56803,0,5.74
427,1,Manager,1,0,98890.89032,4,7.06
428,1,Manager,1,1,98276.15659,4,5.88
429,1,Manager,0,1,110562.9005,7,3.88
430,0,Entry,1,0,51784.89315,2,6.59
431,0,Entry,0,1,46154.36089,1,3.17
432,0,Entry,1,0,47416.07765,2,5.85
433,1,Manager,0,1,122336.6875,10,5.96
434,1,Manager,0,1,122473.7022,9,2.29
435,0,Entry,0,1,44738.33692,1,4.23
436,0,Entry,1,1,49054.74893,2,5.89
437,0,Entry,1,0,40529.59007,-1,6.19
438,1,Manager,1,1,115690.2269,6,6.29
439,0,Entry,0,1,50809.5151,3,5.97
440,0,Entry,0,1,51728.19372,2,5.8
441,0,Entry,1,0,53482.20261,2,6.82
442,0,Entry,1,0,48846.05619,2,4.57
443,1,Manager,0,1,106119.0442,4,3.76
444,1,Manager,0,0,119681.7098,10,7.32
445,0,Entry,0,0,51629.934,2,6.58
446,1,Manager,1,1,106666.4818,6,7.35
447,0,Entry,1,1,46374.42323,1,4.55
448,0,Entry,0,1,54395.41317,2,3.92
449,0,Entry,0,1,44726.47942,1,3.32
450,1,Manager,0,1,119930.0601,9,3.54
451,0,Entry,0,1,49377.66055,1,5.8
452,1,Manager,0,1,113605.3108,6,7.24
453,1,Manager,0,1,119959.5652,7,4.87
454,0,Entry,0,0,50833.94434,2,4.57
455,0,Entry,1,0,50882.99973,1,7.26
456,0,Entry,1,1,50081.62977,2,3.91
457,1,Manager,0,0,140965.4818,13,6.46
458,1,Manager,1,1,120775.5467,6,5.5
459,0,Entry,1,0,52930.68811,2,3.9
460,1,Manager,0,1,114845.6049,8,7.19
461,1,Manager,1,1,104394.547,3,3.71
462,0,Entry,0,0,52152.9952,2,5.24
463,0,Entry,0,0,41696.11343,1,5.24
464,1,Manager,0,0,123018.4832,8,6.68
465,1,Manager,0,1,132301.3787,11,3.87
466,0,Entry,1,0,43570.07432,0,7.26
467,1,Manager,0,0,120860.889,10,4.92
468,1,Manager,0,0,126612.6946,10,7.11
469,0,Entry,1,1,52999.96067,3,3.5
470,0,Entry,1,1,54017.31313,3,6.13
471,1,Manager,0,1,133027.9137,9,7.24
472,1,Manager,0,1,125342.701,11,6.33
473,1,Manager,0,0,140737.8642,14,6.14
474,1,Manager,0,0,132873.5893,9,5.86
475,0,Entry,0,1,52678.55899,2,7.23
476,1,Manager,0,1,118673.7089,8,7.19
477,0,Entry,0,1,50273.29053,1,3.69
478,0,Entry,1,0,50594.63269,1,6.59
479,0,Entry,0,0,56389.3966,3,6.93
480,0,Entry,0,1,54138.47357,2,3.47
481,0,Entry,0,0,51253.70986,1,3.23
482,1,Manager,1,0,124214.4843,7,8.05
483,0,Entry,0,0,56259.83854,3,5.24
484,0,Entry,0,1,52225.49087,2,2.64
485,1,Manager,0,1,127468.6882,11,6.56
486,1,Manager,1,1,106641.604,4,6.7
487,0,Entry,1,0,44596.15776,1,6.59
488,0,Entry,0,1,55928.93515,4,4.92
489,0,Entry,1,1,46692.09806,1,2.26
490,0,Entry,0,1,51750.52197,2,5.99
491,1,Manager,0,0,116769.2558,5,5.39
492,0,Entry,0,1,52263.23539,2,3.97
493,1,Manager,0,0,125206.7794,8,5.49
494,1,Manager,0,1,115719.5587,6,6.02
495,1,Manager,0,1,129729.5336,9,4.62
496,0,Entry,0,1,51715.0481,3,4.59
497,1,Manager,1,1,126619.0753,10,2.89
498,1,Manager,0,1,109947.3736,5,6.3
499,1,Manager,1,1,113788.2294,6,4.88
500,0,Entry,1,0,50633.14582,1,6.59
501,1,Manager,0,1,122179.151,10,7.98
502,1,Manager,0,0,124527.683,8,5.67
503,1,Manager,0,1,144075.8877,11,6.48
504,1,Manager,0,1,114151.1688,8,6.21
505,1,Manager,1,1,113475.1403,7,4.62
506,1,Manager,0,1,131593.0014,11,7.73
507,0,Entry,0,1,43007.14143,1,7.06
508,0,Entry,0,1,52702.66161,2,5.2
509,0,Entry,0,1,53014.81058,2,3.69
510,1,Manager,0,1,97118.25891,5,3.69
511,0,Entry,1,0,50268.48144,2,6.4
512,1,Manager,1,0,102209.7195,4,8.56
513,1,Manager,0,1,144807.9356,13,5.32
514,1,Manager,0,1,135026.9175,12,6.81
515,1,Manager,1,1,111549.2605,6,1.46
516,1,Manager,1,1,114291.2034,8,5.14
517,1,Manager,1,1,108719.4476,4,6.11
518,0,Entry,0,0,48501.96069,1,5.92
519,0,Entry,0,0,50683.96318,2,6.59
520,1,Manager,0,1,131595.7305,12,3.73
521,0,Entry,1,1,46186.28064,1,2.61
522,0,Entry,0,1,45438.79547,2,4.9
523,0,Entry,0,1,49336.07445,1,4.16
524,1,Manager,0,0,124584.2729,7,7.35
525,1,Manager,0,1,116204.3611,7,7.69
526,0,Entry,0,0,49757.0601,2,6.95
527,0,Entry,0,1,53116.92302,3,4.13
528,1,Manager,1,1,119872.0558,8,6.52
529,1,Manager,0,1,135391.6052,12,4.22
530,0,Entry,0,1,45979.31801,2,3.43
531,0,Entry,1,0,55728.66203,3,4.57
532,0,Entry,1,0,46164.20818,1,5.65
533,0,Entry,1,0,48064.99483,1,5.92
534,1,Manager,0,1,125605.2689,9,6.47
535,0,Entry,1,0,53418.09215,2,5.92
536,0,Entry,0,0,56151.08244,3,5.92
537,1,Manager,0,1,123386.9659,8,6.32
538,1,Manager,1,1,129953.785,10,2
539,1,Manager,0,1,138919.1898,13,3.72
540,1,Manager,1,0,123289.9833,10,4.56
541,1,Manager,0,0,110521.9285,4,7.3
542,1,Manager,0,1,131557.2703,11,4.7
543,0,Entry,0,1,50591.34858,3,3.46
544,0,Entry,1,0,48228.44094,2,6.17
545,0,Entry,1,1,42364.3894,1,6.13
546,1,Manager,0,0,133223.148,12,6.62
547,0,Entry,0,0,46474.74846,1,4.57
548,0,Entry,1,0,49592.28701,2,5.24
549,0,Entry,0,0,44157.74759,1,5.92
550,1,Manager,0,0,113379.0246,5,8.12
551,1,Manager,1,0,110220.7554,5,7.87
552,0,Entry,1,1,53730.1616,3,6.13
553,1,Manager,0,0,119743.6995,9,5.72
554,0,Entry,0,0,49649.80982,2,4.88
555,1,Manager,0,0,113385.9232,8,6.38
556,0,Entry,1,1,51543.48097,2,4.99
557,1,Manager,1,1,116030.0206,7,5.36
558,0,Entry,1,0,46958.90758,1,5.92
559,1,Manager,1,1,111323.4756,5,6.85
560,0,Entry,0,0,50037.76418,1,5.24
561,0,Entry,0,1,56178.62127,3,4.46
562,1,Manager,0,1,116734.8779,8,7.81
563,0,Entry,0,0,42092.53426,0,5.92
564,0,Entry,1,1,46741.79744,2,4.57
565,0,Entry,0,1,42892.99822,1,5.28
566,1,Manager,1,1,108548.5623,7,7.56
567,0,Entry,0,0,46961.12845,1,4.9
568,0,Entry,0,0,46996.09431,2,5.92
569,1,Manager,1,1,114220.6171,8,5.68
570,0,Entry,1,1,54943.02005,3,3.16
571,0,Entry,1,0,46978.25645,1,5.24
572,0,Entry,1,0,49031.57261,2,6.5
573,1,Manager,0,0,132754.7881,10,8.05
574,0,Entry,0,1,50596.21937,3,5.59
575,0,Entry,0,0,53454.14987,2,4.57
576,1,Manager,0,0,127998.5363,10,7.77
577,0,Entry,0,1,46911.74371,2,4.92
578,0,Entry,0,0,55280.16028,3,5.92
579,1,Manager,0,1,119871.2752,8,6.45
580,0,Entry,1,0,47466.13875,2,5.24
581,0,Entry,0,0,49328.48095,3,5.24
582,1,Manager,0,1,129799.1609,9,4.5
583,0,Entry,1,1,52782.72839,2,5.28
584,0,Entry,0,1,42146.38349,0,6.79
585,1,Manager,0,0,128811.4084,8,7.43
586,0,Entry,0,0,44108.36378,0,4.57
587,0,Entry,0,0,52146.76091,2,5.24
588,0,Entry,1,1,49925.68391,3,3.61
589,1,Manager,0,1,135961.0334,12,2.79
590,1,Manager,1,0,115285.2598,6,4.41
591,0,Entry,0,1,47810.49039,2,5.76
592,0,Entry,0,0,48214.00003,1,5.89
593,1,Manager,0,1,103662.5975,5,5.37
594,0,Entry,0,0,44944.35486,1,5.92
595,1,Manager,1,1,125479.1472,9,6.92
596,0,Entry,1,0,52560.33625,2,5.92
597,0,Entry,1,0,51843.58486,3,4.57
598,1,Manager,0,0,129492.0587,11,6.38
599,1,Manager,0,1,113886.6968,8,7
600,1,Manager,1,1,111143.0982,4,1.3
601,1,Manager,0,1,122503.9249,10,4.5
602,1,Manager,1,1,123887.0524,8,4.85
603,1,Manager,0,0,114544.6924,7,5.62
604,1,Manager,1,1,110537.2605,6,4.51
605,0,Entry,0,1,47060.0998,1,3.12
606,0,Entry,1,0,48497.72148,2,3.9
607,0,Entry,1,0,46974.84576,1,5.72
608,1,Manager,0,1,144820.4453,13,3.35
609,0,Entry,1,0,52419.324,2,5.6
610,1,Manager,0,1,118720.2723,6,2.69
611,0,Entry,1,1,48904.75228,2,6.04
612,1,Manager,0,0,128426.1906,9,6.36
613,1,Manager,1,0,102911.8774,5,8.48
614,1,Manager,0,1,129243.7066,10,5.83
615,0,Entry,1,0,48644.21366,2,6.31
616,1,Manager,0,0,117100.9945,8,6.91
617,1,Manager,0,1,132387.1987,9,6.08
618,1,Manager,0,1,128160.9709,10,3.26
619,1,Manager,0,1,125244.3327,9,5.01
620,0,Entry,0,0,49934.97436,2,5.92
621,0,Entry,0,0,48395.8076,2,5.92
622,1,Manager,1,1,108000.5778,6,6.54
623,0,Entry,0,1,51260.50779,2,3.5
624,1,Manager,0,0,129039.3849,10,8.3
625,0,Entry,1,1,49393.83219,2,5.37
626,1,Manager,0,1,118518.4608,7,4.9
627,1,Manager,1,1,99778.1895,5,2.57
628,0,Entry,1,0,53356.76507,2,6
629,1,Manager,0,1,126155.1268,9,4.14
630,0,Entry,1,0,54675.34018,4,7.05
631,0,Entry,1,0,52555.6826,2,5.24
632,0,Entry,0,0,51564.97942,3,6.36
633,0,Entry,0,0,49177.23636,2,5.33
634,1,Manager,1,1,93985.30287,4,5.57
635,0,Entry,1,0,49887.56691,3,5.24
636,1,Manager,0,1,132918.2453,11,3.77
637,1,Manager,0,1,126288.9789,10,5.84
638,1,Manager,0,1,143976.6812,12,6.23
639,0,Entry,0,0,51384.95495,3,6.48
640,0,Entry,0,0,51974.36961,2,4.57
641,1,Manager,0,1,126719.3214,8,5.43
642,0,Entry,1,0,49559.63907,1,6.33
643,1,Manager,1,1,119043.2456,6,5.52
644,0,Entry,0,1,46449.54691,2,5.27
645,0,Entry,1,0,48580.33905,2,4.44
646,0,Entry,0,1,54763.89782,4,4.09
647,0,Entry,0,1,54280.5653,3,3.92
648,1,Manager,1,0,124749.7791,10,7.63
649,1,Manager,0,0,110212.0542,8,6.34
650,0,Entry,0,1,51564.36684,2,5.02
651,0,Entry,0,0,52251.71333,3,4.14
652,1,Manager,0,1,125713.068,11,5.03
653,1,Manager,1,0,114562.1774,8,8.35
654,0,Entry,1,0,49869.04495,1,5.72
655,1,Manager,0,1,115918.3372,6,6.46
656,0,Entry,0,0,52072.17236,3,5.62
657,1,Manager,0,1,124555.0337,7,4.12
658,0,Entry,1,1,49616.06742,2,2.73
659,1,Manager,1,1,93376.39988,4,8.24
660,0,Entry,1,1,51359.63791,1,4.7
661,1,Manager,1,1,107248.211,5,6.35
662,1,Manager,0,0,108071.3044,6,6.87
663,1,Manager,0,0,116592.6811,6,7.58
664,1,Manager,0,0,116036.978,8,7.1
665,0,Entry,0,1,48444.57497,1,1.98
666,0,Entry,1,0,51775.74708,3,5.24
667,0,Entry,0,0,45259.26452,0,6.59
668,1,Manager,0,1,140724.5265,12,2.57
669,1,Manager,0,1,117132.2693,7,5.64
670,1,Manager,1,1,116736.5759,6,3.28
671,1,Manager,0,1,135033.3784,10,4.07
672,1,Manager,0,1,128925.8321,9,5.21
673,0,Entry,0,1,45643.70438,2,3.79
674,0,Entry,0,0,45155.53311,2,5.24
675,0,Entry,1,1,50618.37355,3,5.33
676,1,Manager,0,1,118268.8278,9,3.87
677,0,Entry,1,1,51208.38756,3,4.17
678,1,Manager,1,1,116094.9294,6,5.79
679,1,Manager,1,0,120935.3302,9,7.68
680,0,Entry,1,0,52091.13618,3,5.24
681,1,Manager,0,1,108989.2416,8,5.6
682,1,Manager,1,1,99112.82684,5,4.38
683,0,Entry,1,0,44607.12544,1,5.92
684,0,Entry,0,1,48730.99575,2,5.83
685,0,Entry,1,1,47395.48143,2,6.65
686,1,Manager,0,1,111729.7794,5,6.09
687,1,Manager,1,1,99602.83196,4,4.56
688,0,Entry,1,1,53423.58333,4,5.69
689,1,Manager,0,0,140650.4475,11,7.38
690,1,Manager,0,1,127670.8549,10,6.8
691,0,Entry,0,1,51830.09295,2,5.18
692,0,Entry,0,0,48801.81908,2,3.9
693,1,Manager,0,1,131391.3374,11,3.75
694,0,Entry,0,0,49956.43146,1,3.9
695,1,Manager,0,1,109526.8882,8,7.59
696,1,Manager,0,1,139066.6236,13,7.85
697,1,Manager,0,1,131334.5369,9,5.12
698,1,Manager,0,1,121769.9599,10,5.1
699,1,Manager,0,0,108839.1269,8,5.03
700,1,Manager,0,1,116147.65,6,6.76
701,0,Entry,0,1,47763.00614,2,5.76
702,0,Entry,0,0,52067.53077,2,4.57
703,0,Entry,0,1,45958.86554,1,6.07
704,1,Manager,0,0,120147.6472,9,10
705,0,Entry,1,1,49112.32718,1,2.85
706,1,Manager,1,1,102828.6145,6,5.88
707,1,Manager,1,1,97251.78062,3,3.83
708,0,Entry,0,0,49717.6209,3,8.06
709,1,Manager,0,1,100279.4016,6,4.49
710,1,Manager,0,1,130549.9204,9,5.67
711,1,Manager,0,1,134803.7453,9,5.22
712,0,Entry,1,0,53823.58259,2,5.92
713,0,Entry,0,0,47052.30795,1,4.57
714,1,Manager,1,1,105498.9099,4,4.09
715,1,Manager,1,1,124424.9046,10,8.07
716,0,Entry,0,1,53754.66931,3,3.6
717,1,Manager,0,0,132234.9551,9,5.38
718,0,Entry,0,1,45141.3001,1,6.51
719,1,Manager,0,0,112892.4334,7,6.16
720,1,Manager,0,1,108656.1446,4,5.91
721,1,Manager,0,0,121341.2644,7,7.03
722,0,Entry,0,1,51487.24956,2,4.02
723,0,Entry,1,1,50047.93883,3,6.31
724,1,Manager,1,1,108263.7402,6,7.12
725,1,Manager,1,1,112401.7836,7,7.12
726,0,Entry,1,1,54611.92656,2,2.85
727,1,Manager,0,1,125172.2399,7,4.47
728,1,Manager,0,0,114559.007,6,6.34
729,1,Manager,1,1,92561.12405,2,4.46
730,1,Manager,0,1,101706.2212,5,5.09
731,1,Manager,0,1,129086.8432,10,2.14
732,1,Manager,1,1,100052.1495,5,4.67
733,1,Manager,1,1,124159.8163,8,2.29
734,1,Manager,1,0,123384.6792,11,7.63
735,0,Entry,0,0,52339.57253,3,6.54
736,1,Manager,0,0,124533.0675,10,7.31
737,1,Manager,0,0,123082.9522,7,7.56
738,0,Entry,1,1,46291.57663,1,4.57
739,1,Manager,0,0,134098.6215,11,4.82
740,0,Entry,0,0,47546.53963,2,5.59
741,1,Manager,0,0,131165.3753,9,5.54
742,1,Manager,0,1,129401.1088,10,4.8
743,0,Manager,1,0,89788.31604,1,7.97
744,0,Entry,0,1,46035.90643,1,4.76
745,1,Manager,1,1,115460.7545,6,4.81
746,1,Manager,0,1,133477.7406,10,3.28
747,0,Entry,1,0,47196.51478,1,6.91
748,1,Manager,1,1,115129.6138,8,6.56
749,0,Entry,0,1,49114.74753,1,7.78
750,1,Manager,1,0,131846.3174,9,7.58
751,0,Entry,0,1,53859.19697,2,5.42
752,0,Entry,0,1,47081.86586,1,4.76
753,0,Entry,0,1,49478.39794,1,6.29
754,0,Entry,1,0,47957.29476,1,7.2
755,1,Manager,1,0,96893.64365,2,6.08
756,1,Manager,1,1,101566.0821,5,7.34
757,0,Entry,0,1,50297.39062,2,2.15
758,1,Manager,0,0,124894.3704,8,7.59
759,1,Manager,0,0,108104.5064,7,5.55
760,1,Manager,1,1,91804.54083,4,6.19
761,0,Entry,1,0,55731.73145,2,5.92
762,1,Manager,1,1,120906.0881,7,5.32
763,0,Entry,0,0,49927.8872,1,4.57
764,1,Manager,1,1,120609.557,9,2.54
765,1,Manager,0,0,119992.1717,10,7.33
766,1,Manager,1,1,112808.0826,6,3.74
767,1,Manager,0,1,127507.6342,11,4.47
768,1,Manager,0,1,127265.0327,10,3.93
769,0,Entry,0,0,52850.85757,3,6.41
770,0,Entry,0,0,49231.98245,2,5.24
771,0,Entry,0,0,43488.76253,1,6.3
772,0,Entry,1,1,49443.82586,3,3.46
773,0,Entry,1,0,51425.50345,3,8.72
774,0,Entry,1,1,55302.33008,2,4.27
775,1,Manager,1,0,101934.2227,6,8.9
776,1,Manager,0,0,114579.237,7,3.28
777,1,Manager,0,1,118726.448,7,9.36
778,0,Entry,1,1,49396.43176,2,3.64
779,0,Entry,1,0,54680.57812,2,3.9
780,0,Entry,1,1,50828.74391,3,3.83
781,0,Entry,1,0,53373.65197,3,5.07
782,1,Manager,0,0,124035.4376,7,5.42
783,1,Manager,0,1,114339.4591,7,5.05
784,1,Manager,1,1,110242.3798,7,7.4
785,0,Entry,1,1,50669.54158,1,5.95
786,1,Manager,0,1,117283.0034,8,5.02
787,1,Manager,1,0,113105.5257,6,6.18
788,0,Entry,1,1,54210.54917,4,5.04
789,0,Entry,0,1,56847.77834,3,2.96
790,0,Entry,0,0,52974.29004,3,4.57
791,0,Entry,1,0,55446.78963,3,4.57
792,1,Manager,1,0,102625.7613,6,6.08
793,0,Entry,1,1,51065.69398,2,4.4
794,1,Manager,0,0,124388.1157,7,6.06
795,1,Manager,1,0,105397.9586,4,7.28
796,1,Manager,1,1,123682.762,8,3.1
797,1,Manager,0,1,114692.963,8,4.76
798,0,Entry,1,1,47999.14819,1,4.83
799,1,Manager,0,0,132941.8316,12,5.45
800,1,Manager,0,0,117783.1892,7,4.98
801,1,Manager,0,1,140030.9841,12,6.55
802,0,Entry,0,0,50326.06089,2,6.72
803,1,Manager,0,0,120125.98,8,4.75
804,1,Manager,0,1,115912.4169,5,6.7
805,1,Manager,0,1,106895.4897,4,5.5
806,1,Manager,1,1,108621.9907,7,6.01
807,1,Manager,0,0,124229.5764,10,7.35
808,1,Manager,0,0,126475.0843,8,6.44
809,0,Entry,0,1,51829.69442,3,5.67
810,1,Manager,0,1,122855.0123,10,5.56
811,0,Entry,1,1,54389.6463,2,6.05
812,0,Entry,1,1,52642.68797,3,3.3
813,0,Entry,0,1,54296.91774,2,4.83
814,1,Manager,0,0,126552.4737,9,8.43
815,0,Entry,0,0,54875.70826,4,5.24
816,0,Entry,0,0,46014.92955,1,7.7
817,1,Manager,0,1,133675.4894,11,5.14
818,0,Entry,1,1,47834.03655,2,3.5
819,1,Manager,1,0,105837.9376,5,6.28
820,1,Manager,0,0,138240.4308,12,4.81
821,1,Manager,0,1,123386.5822,10,1.73
822,1,Manager,1,0,101601.2942,3,4.97
823,1,Manager,1,1,93434.31944,2,7.29
824,0,Entry,0,0,52950.90133,2,4.57
825,1,Manager,1,0,117848.6568,8,7.63
826,0,Entry,0,1,48115.47098,2,4.88
827,1,Manager,0,1,134923.6169,11,8.45
828,1,Manager,0,0,123748.8679,11,6.44
829,1,Manager,1,0,105189.597,4,7.1
830,1,Manager,0,0,112402.3069,8,4.58
831,1,Manager,0,1,128856.3473,10,6.18
832,1,Manager,1,0,102414.62,3,6.17
833,0,Entry,1,0,50148.17042,3,7.59
834,1,Manager,0,1,107706.0954,4,5.76
835,1,Manager,0,0,131996.439,10,8.23
836,1,Manager,1,0,102140.1104,5,6.62
837,0,Entry,0,0,49444.00018,2,5.92
838,0,Entry,1,1,46501.25982,1,4.92
839,1,Manager,0,1,120750.2952,7,5.87
840,1,Manager,1,0,116639.9675,8,5.47
841,0,Entry,1,0,54501.34927,3,3.9
842,0,Entry,1,1,49685.10053,1,3.77
843,1,Manager,0,0,146967.1441,15,5.91
844,0,Entry,1,0,47359.06617,2,6.59
845,0,Entry,0,0,42424.88683,1,5.92
846,0,Entry,0,0,47486.76457,1,5.92
847,1,Manager,1,0,96678.46377,4,5.77
848,1,Manager,0,1,126328.4029,9,2.11
849,1,Manager,0,1,124974.6958,8,3.36
850,1,Manager,0,0,125000.3433,11,5.64
851,1,Manager,0,1,119671.3961,10,5.81
852,0,Entry,1,0,51246.8131,2,5.24
853,0,Entry,0,1,50135.56916,3,4.18
854,0,Entry,1,0,50495.10498,3,7.14
855,0,Entry,1,1,48763.97794,1,6.17
856,1,Manager,1,0,107568.2397,7,5.48
857,1,Manager,1,0,115896.1084,7,7.59
858,0,Entry,0,1,53662.4782,3,5.54
859,0,Entry,1,1,49149.05948,3,4.41
860,1,Manager,1,1,102340.8368,4,6.98
861,1,Manager,1,0,104963,6,8.69
862,0,Entry,0,1,50344.13334,2,3.77
863,1,Manager,0,1,120842.1668,7,4.76
864,1,Manager,1,1,107927.9795,8,5.94
865,1,Manager,0,1,112141.704,5,5.37
866,0,Entry,1,0,48731.11548,1,8.34
867,1,Manager,0,1,115828.654,8,6.83
868,1,Manager,0,1,127071.282,9,6.47
869,1,Manager,0,1,115302.8233,8,4.32
870,0,Entry,1,0,49764.3089,1,9.22
871,1,Manager,0,1,123042.9375,9,6.9
872,1,Manager,0,0,138558.8811,13,5.73
873,0,Entry,1,1,44465.32723,1,6.02
874,1,Manager,1,1,115598.1308,9,5.27
875,0,Entry,1,0,49323.60408,1,4.57
876,0,Entry,1,1,52723.32858,3,5.11
877,0,Entry,0,0,50248.78204,3,6.72
878,0,Entry,1,1,49400.33528,3,4.99
879,1,Manager,1,0,117290.8183,6,6.42
880,1,Manager,1,0,92914.61182,1,6.46
881,1,Manager,1,1,93747.23256,1,4.42
882,1,Manager,1,0,117213.3239,7,7.46
883,1,Manager,0,0,126799.4062,10,6.75
884,0,Entry,1,1,53691.01312,2,4.5
885,1,Manager,0,1,114975.3846,9,4.51
886,1,Manager,1,0,111206.8571,7,5.54
887,1,Manager,1,1,148356.0742,14,6.51
888,1,Manager,0,0,147521.8359,14,6.75
889,1,Manager,1,1,107367.9172,4,5.08
890,1,Manager,0,0,129846.8409,10,5.69
891,1,Manager,0,0,130760.2573,8,4.77
892,1,Manager,1,1,104439.06,6,6.8
893,0,Entry,0,0,42932.35712,0,4.57
894,1,Manager,0,0,125268.0037,11,6.58
895,0,Entry,0,0,50852.13138,2,5.24
896,1,Manager,0,0,124093.952,11,6.08
897,1,Manager,1,1,99953.04821,3,3.99
898,0,Entry,0,0,51534.74698,3,4.57
899,1,Manager,0,0,113733.5235,6,4.04
900,1,Manager,1,0,136054.4611,9,5.46
901,0,Entry,0,0,45669.84211,2,7.51
902,0,Entry,0,0,53361.01555,2,4.57
903,1,Manager,0,1,136594.4466,11,5.69
904,1,Manager,1,0,110269.3168,5,7.57
905,1,Manager,1,1,108418.7749,6,6.59
906,1,Manager,0,0,120549.8086,9,3.4
907,1,Manager,0,0,123703.4631,8,5.55
908,0,Entry,1,0,51979.81848,2,4.57
909,0,Entry,1,0,49181.94675,2,6.74
910,1,Manager,0,1,141367.1876,11,6.4
911,1,Manager,0,0,125037.0986,10,4.97
912,1,Manager,0,1,113116.4012,7,6.89
913,0,Entry,0,0,52197.27086,2,4.57
914,0,Entry,1,1,50828.74312,2,4.75
915,0,Entry,1,0,51236.05011,2,5.24
916,0,Entry,0,1,52132.62774,3,4.27
917,0,Entry,0,0,50257.75795,2,4.57
918,0,Entry,0,0,40155.47308,0,5.32
919,0,Entry,1,1,46717.71841,2,4.87
920,1,Manager,0,1,111295.7187,7,4.26
921,0,Entry,0,0,48142.77319,1,5.24
922,0,Entry,0,0,50291.69906,2,6.93
923,0,Entry,0,0,54048.14025,2,6.69
924,0,Entry,1,1,49156.35109,1,5.11
925,0,Entry,1,0,43187.61625,1,7.48
926,1,Manager,1,1,112646.4816,8,4.18
927,1,Manager,0,0,118421.8484,7,7.47
928,0,Entry,0,1,49341.08544,1,6.3
929,1,Manager,0,1,142446.2683,13,6.33
930,1,Manager,0,1,121166.1578,6,6.64
931,1,Manager,1,0,92544.13957,3,5.93
932,0,Entry,0,0,50925.10293,2,5.49
933,1,Manager,1,1,115231.3271,9,4.07
934,0,Entry,1,1,50928.04766,2,4.16
935,1,Manager,0,1,138743.1565,11,3
936,0,Entry,1,0,48953.5658,2,6.55
937,0,Entry,0,1,52660.29267,3,4.34
938,0,Entry,1,1,49318.9859,2,5.73
939,1,Manager,0,0,122345.3806,8,6.09
940,1,Manager,0,1,139469.7848,13,5.16
941,0,Entry,0,0,56959.97833,3,7.06
942,1,Manager,0,1,124807.7121,9,6.27
943,0,Entry,0,0,46113.16562,2,5.24
944,0,Entry,1,0,50489.20855,2,5.24
945,0,Entry,0,0,51465.46143,2,5.67
946,1,Manager,0,0,127700.751,11,7.85
947,1,Manager,1,1,119199.6238,6,6.95
948,1,Manager,1,1,125432.3495,8,5.92
949,1,Manager,0,1,137691.3955,11,4.7
950,1,Manager,0,1,138069.4947,13,4.95
951,0,Entry,1,0,52853.71839,4,6.59
952,1,Manager,0,0,120137.0164,8,5.61
953,1,Manager,0,0,134504.1176,12,7.85
954,0,Entry,0,0,47374.03529,2,3.9
955,1,Manager,0,1,124248.2378,8,4.01
956,0,Entry,1,1,47714.40852,2,6.53
957,1,Manager,0,0,104280.0838,4,5.63
958,0,Entry,1,0,54250.27415,2,7.1
959,0,Entry,0,0,52890.50641,2,6.54
960,0,Entry,1,1,47141.75723,2,5.7
961,0,Entry,0,0,50465.29699,3,6.59
962,0,Entry,0,1,52834.23816,2,6.68
963,1,Manager,0,1,116816.2818,7,4.98
964,0,Entry,1,1,45937.64104,0,5.46
965,1,Manager,0,0,125249.2576,10,5.66
966,1,Manager,1,0,125273.0949,8,4.42
967,1,Manager,0,1,108881.0417,7,6.4
968,1,Manager,1,1,92491.28492,3,5.14
969,0,Entry,1,0,49431.74647,2,5.24
970,0,Entry,0,0,48312.26353,2,6.67
971,0,Entry,1,1,45408.22709,1,3.67
972,0,Entry,1,0,44593.3237,2,7.48
973,0,Entry,1,1,53150.93511,2,3.15
974,0,Entry,1,1,46925.89277,1,5.66
975,0,Entry,0,1,52636.70712,2,3.03
976,0,Entry,0,1,54526.65531,2,4.79
977,1,Manager,0,1,120510.1963,9,4.38
978,0,Entry,1,0,47336.9007,1,4.57
979,1,Manager,0,0,116611.5138,6,6.53
980,0,Entry,1,0,53277.91536,2,4.57
981,1,Manager,0,1,132252.5691,8,5.91
982,0,Entry,1,0,44296.18947,1,3.9
983,0,Entry,0,0,43709.34678,1,5.88
984,1,Manager,0,0,134419.3915,11,5.66
985,0,Entry,1,1,53376.72907,3,7.1
986,0,Entry,0,1,49531.39865,2,6.15
987,0,Entry,0,0,52128.7656,2,5.24
988,1,Manager,1,1,102353.2133,4,4.87
989,0,Entry,0,0,45658.21686,1,5.24
990,1,Manager,0,1,113737.5546,7,6.72
991,0,Entry,0,1,46478.63851,2,5.07
992,0,Entry,1,1,48044.70594,2,4.95
993,1,Manager,1,1,103667.0438,4,4.01
994,0,Entry,0,1,51700.2783,2,3.28
995,1,Manager,0,1,129099.0315,10,6.59
996,1,Manager,0,0,117753.5296,8,6.13
997,1,Manager,1,0,120043.5401,8,5.16
998,0,Entry,1,0,47886.81589,1,5.92
999,1,Manager,0,0,125585.1368,9,3.75
1000,1,Manager,0,1,141173.3057,13,7.05
1001,0,Entry,0,0,51457.66386,2,4.57
1002,1,Manager,1,1,122824.5255,10,1.83
1003,0,Entry,0,0,45693.7699,1,6.59
1004,0,Entry,1,0,55799.07121,3,7.15
1005,1,Manager,0,0,111479.0556,8,6.83
1006,0,Entry,1,0,51693.06517,3,7.68
1007,1,Manager,0,1,128326.9178,10,6.34
1008,0,Entry,0,0,47826.38755,2,6.49
1009,0,Entry,1,0,44801.15582,0,6.36
1010,1,Manager,0,1,128019.2535,11,6.36
1011,1,Manager,1,1,110325.6481,5,4.79
1012,0,Entry,0,0,51313.55236,3,8.4
1013,0,Entry,1,0,54533.21093,4,7.1
1014,0,Entry,1,1,49054.54894,2,3.71
1015,1,Manager,0,1,125526.4332,11,4.21
1016,1,Manager,1,1,113623.127,6,4.93
1017,0,Entry,1,0,44646.42773,0,5.56
1018,0,Entry,0,1,43910.74696,1,5.92
1019,1,Manager,1,1,102374.1931,3,5.32
1020,1,Manager,0,1,132729.2907,10,3.32
1021,1,Manager,0,1,115604.1844,9,4.6
1022,0,Entry,1,1,49063.04046,2,3.37
1023,0,Entry,0,1,54172.09733,3,8.66
1024,1,Manager,1,1,116526.6741,8,4.65
1025,1,Manager,0,1,116623.9594,8,6.07
1026,0,Entry,0,1,48280.7492,1,7
1027,1,Manager,0,1,120761.3245,8,5.61
1028,1,Manager,1,1,95555.58904,2,3.35
1029,0,Entry,0,0,56619.02687,4,5.76
1030,1,Manager,1,0,108639.2394,4,7.05
1031,1,Manager,0,0,139290.633,11,7.06
1032,0,Manager,1,1,86393.7203,3,2.04
1033,0,Entry,0,0,54674.58016,3,5.92
1034,0,Entry,1,0,55769.7416,3,4.57
1035,1,Manager,0,0,100079.8271,4,7.16
1036,0,Entry,1,0,54725.35586,2,5.53
1037,1,Manager,0,0,118996.2551,6,6.82
1038,0,Entry,1,1,55832.79052,4,4.04
1039,0,Entry,1,0,49476.76348,2,5.24
1040,0,Entry,0,0,52216.56094,2,8.34
1041,1,Manager,0,1,139363.2969,14,4.3
1042,1,Manager,1,1,126449.0161,8,6.78
1043,1,Manager,1,1,102628.602,5,6.17
1044,1,Manager,0,1,137981.367,12,6.33
1045,0,Entry,0,1,49701.98245,2,1.99
1046,1,Manager,1,1,107645.7715,5,6.73
1047,0,Entry,0,0,47407.98988,1,6.39
1048,1,Manager,0,1,126227.2435,9,4.02
1049,0,Entry,1,1,40228.37811,0,6.33
1050,0,Entry,1,1,49202.12955,2,4.07
1051,0,Entry,0,0,54539.36213,3,4.57
1052,0,Entry,0,0,48823.4218,2,6.59
1053,1,Manager,0,0,101642.5787,3,9.3
1054,1,Manager,0,1,139021.3399,13,5
1055,1,Manager,0,1,122647.7925,8,5.18
1056,0,Entry,1,0,49562.15783,1,5.35
1057,0,Entry,1,0,51544.12986,2,3.23
1058,0,Entry,1,1,44035.25572,2,6.8
1059,0,Entry,0,0,54922.1556,2,4.57
1060,1,Manager,1,0,110985.0073,5,5.13
1061,1,Manager,0,1,124117.8925,8,5.71
1062,1,Manager,0,0,131804.6801,10,6.13
1063,0,Entry,0,0,48179.73683,1,5.24
1064,0,Entry,0,0,55855.46483,3,5.92
1065,0,Entry,1,0,53065.15388,2,5.24
1066,1,Manager,0,1,130067.2127,9,6.14
1067,0,Entry,1,0,54533.00684,2,4.57
1068,0,Entry,1,0,53140.6747,3,6.84
1069,1,Manager,0,0,121392.7032,6,6.23
1070,0,Entry,0,1,47866.40296,2,5.24
1071,1,Manager,1,1,117681.5732,9,4.24
1072,1,Manager,0,1,109991.2987,7,4.44
1073,1,Manager,0,0,108018.2023,6,6.96
1074,1,Manager,0,1,121792.2974,9,7.84
1075,0,Entry,0,0,53868.27742,3,4.57
1076,0,Entry,1,1,47958.26559,1,4.81
1077,0,Entry,0,0,56003.55685,4,6.18
1078,0,Entry,1,1,50609.29121,1,4.58
1079,1,Manager,0,1,125006.0426,8,4.89
1080,1,Manager,0,0,120409.1854,7,6.79
1081,0,Entry,0,0,43240.40836,0,5.92
1082,0,Entry,0,0,46698.65673,1,4.31
1083,0,Entry,1,0,50744.67948,1,3.23
1084,1,Manager,1,1,121734.2627,10,4.62
1085,0,Entry,0,0,50188.42759,1,5.92
1086,1,Manager,1,0,90644.2746,1,4.89
1087,0,Entry,0,0,46066.05796,1,3.9
1088,0,Entry,0,1,50164.86972,2,2.47
1089,0,Entry,0,0,50080.61956,3,5.24
1090,1,Manager,1,1,107688.2061,6,3.45
1091,1,Manager,1,1,103582.6193,5,7.31
1092,0,Entry,0,0,45234.96479,1,5.92
1093,1,Manager,1,1,93770.28167,1,2.27
1094,1,Manager,0,0,123289.4216,10,5.78
1095,1,Manager,0,1,109505.8788,4,5.63
1096,1,Manager,0,1,129859.8535,9,4.97
1097,0,Entry,0,0,45631.56159,2,5.92
1098,1,Manager,1,0,112386.0383,6,4.89
1099,0,Entry,1,0,49411.26152,2,5.92
1100,0,Entry,0,0,42857.12081,0,8.78
1101,1,Manager,0,1,129647.309,10,4.9
1102,0,Entry,0,1,47509.11252,2,6.6
1103,1,Manager,1,1,108992.8863,7,7.11
1104,0,Entry,0,1,50873.161,2,5.49
1105,0,Entry,0,0,47843.98117,1,7.43
1106,0,Entry,1,1,47106.48723,2,2.98
1107,0,Entry,1,1,56825.8174,4,5.3
1108,1,Manager,0,1,121062.0005,7,4.93
1109,0,Entry,0,1,52947.13894,2,5.97
1110,1,Manager,0,0,116149.9655,7,6.84
1111,1,Manager,1,0,109588.8935,6,5.45
1112,1,Manager,1,0,111196.9111,5,6.88
1113,1,Manager,0,1,117442.4162,7,6.53
1114,0,Entry,0,0,49775.61366,2,5.92
1115,0,Entry,1,0,50281.14172,2,5.24
1116,0,Entry,0,0,44791.42495,1,7.94
1117,1,Manager,0,0,112473.6977,6,6.52
1118,1,Manager,1,0,107022.1493,7,8.98
1119,0,Entry,1,0,46591.81684,1,4.57
1120,1,Manager,0,0,124783.9733,8,4.47
1121,0,Entry,0,0,46742.19243,1,5.24
1122,1,Manager,0,1,131828.2801,8,4.28
1123,1,Manager,1,1,99375.21803,4,6.03
1124,0,Entry,1,1,55851.81447,4,3.98
1125,0,Entry,0,1,45450.93883,1,6.21
1126,1,Manager,1,1,102928.3337,3,5.51
1127,0,Entry,0,0,47432.96746,1,5.24
1128,0,Entry,0,1,54819.01841,3,6.53
1129,0,Entry,1,1,51027.33953,2,5.23
1130,1,Manager,1,1,100625.2651,3,6.1
1131,1,Manager,0,1,111095.2871,8,6.74
1132,1,Manager,0,1,131994.8268,9,3.71
1133,0,Entry,0,0,44522.88093,0,5.92
1134,1,Manager,1,0,113785.4141,9,9.87
1135,0,Entry,0,1,51391.11113,3,5.47
1136,0,Entry,1,1,45663.4323,1,3.85
1137,1,Manager,0,1,114170.0017,8,4.86
1138,0,Entry,1,0,53080.75397,3,7.41
1139,1,Manager,0,1,117789.6604,7,6.86
1140,1,Manager,0,0,128355.059,8,6.97
1141,1,Manager,0,0,127730.645,9,7.19
1142,1,Manager,1,1,107750.813,7,4.07
1143,1,Manager,0,0,104475.3264,4,6.67
1144,1,Manager,1,0,112718.2037,7,4.68
1145,0,Entry,0,0,44407.76763,2,4.57
1146,0,Entry,1,1,45362.23974,1,3.6
1147,0,Entry,0,1,47521.00837,1,5.87
1148,0,Entry,0,0,43633.72854,1,5.27
1149,1,Manager,1,1,113578.1575,6,4.96
1150,0,Entry,0,1,44481.05093,1,2.68
1151,0,Entry,1,0,53381.5742,2,4.57
1152,0,Entry,1,1,47358.76317,1,8.23
1153,0,Entry,0,0,52182.36396,2,5.58
1154,0,Entry,0,0,48184.20288,1,6.01
1155,0,Entry,1,0,53108.87452,3,6.47
1156,1,Manager,0,1,111804.8922,4,5.32
1157,1,Manager,0,1,139761.7359,12,3.51
1158,0,Entry,0,1,52504.3105,3,6.79
1159,0,Entry,1,1,52389.89548,3,4.88
1160,1,Manager,0,0,133810.9596,13,8.48
1161,0,Entry,1,0,46623.42999,1,5.92
1162,1,Manager,0,1,142178.7294,11,5.35
1163,0,Entry,1,0,49520.05123,2,8.47
1164,0,Entry,0,1,47594.04618,1,7.79
1165,0,Entry,0,0,49348.34369,1,6.59
1166,0,Entry,0,1,53589.17926,3,5.17
1167,0,Entry,1,0,46742.42638,1,4.57
1168,0,Entry,0,0,49805.45229,1,5.92
1169,1,Manager,0,1,122019.3938,9,4.95
1170,0,Entry,0,1,46165.69611,1,5.48
1171,0,Entry,0,0,45198.272,1,4.57
1172,1,Manager,0,1,102701.8368,6,3.13
1173,1,Manager,0,1,130568.943,10,5.21
1174,0,Entry,0,0,51055.38345,3,7.25
1175,0,Entry,0,1,44369.6534,0,4.8
1176,0,Entry,0,0,52799.59856,3,4.57
1177,0,Entry,1,1,51140.02402,1,4.04
1178,1,Manager,0,0,141313.8135,13,6.47
1179,0,Entry,0,0,56648.28474,4,3.23
1180,0,Entry,0,0,49592.26766,2,5.84
1181,0,Entry,1,1,46743.11122,1,5.87
1182,1,Manager,1,1,98816.62515,4,4.62
1183,0,Entry,1,0,55377.1884,4,5.24
1184,1,Manager,0,1,136157.5773,11,7.81
1185,0,Entry,0,1,56991.07854,3,5.3
1186,0,Entry,1,1,54365.67922,3,5.12
1187,0,Entry,1,1,52169.50758,3,4.63
1188,1,Manager,0,1,108878.4023,4,5.91
1189,0,Entry,1,0,50550.89875,2,6.18
1190,0,Entry,0,0,51965.46124,2,4.57
1191,0,Entry,0,0,42777.55279,1,5.24
1192,0,Entry,0,0,51471.39546,2,5.24
1193,1,Manager,0,0,128334.0236,11,6.55
1194,1,Manager,0,1,130187.3271,10,5.17
1195,0,Entry,0,0,52568.1747,3,3.9
1196,0,Entry,0,1,50077.11883,2,4.65
1197,1,Manager,0,1,124610.1033,8,4.16
1198,0,Entry,1,1,42986.66623,1,5.24
1199,1,Manager,1,1,105381.083,7,4.74
1200,1,Manager,0,0,128444.3006,8,8.35
1201,0,Entry,0,0,53195.31681,2,5.92
1202,0,Entry,0,1,51630.78119,2,2.87
1203,1,Manager,1,0,103587.1172,5,6.44
1204,1,Manager,0,1,123588.8545,9,6.21
1205,1,Manager,0,0,132397.7551,9,6.78
1206,1,Manager,0,1,127082.4577,8,5.1
1207,0,Entry,0,0,49977.88532,1,5.24
1208,1,Manager,1,1,105580.0428,6,6.79
1209,1,Manager,1,0,128963.5675,10,4.88
1210,0,Entry,1,0,53135.46919,2,8.01
1211,0,Entry,0,0,47581.55084,1,5.92
1212,1,Manager,0,1,133263.9722,12,3.94
1213,0,Entry,1,1,53503.90534,2,4.76
1214,1,Manager,0,1,126117.7887,10,7.14
1215,0,Entry,0,1,44614.53645,0,4.12
1216,1,Manager,1,1,94110.46244,2,5.46
1217,1,Manager,1,0,98056.53305,5,6.31
1218,1,Manager,1,0,116898.4391,6,7.7
1219,0,Entry,0,0,54625.37595,3,7.99
1220,1,Manager,0,0,155244.0837,14,8.65
1221,0,Entry,0,1,42345.46462,0,3.8
1222,1,Manager,0,1,137727.684,13,5.17
1223,0,Entry,0,0,52208.10345,3,5.24
1224,1,Manager,0,0,129186.5751,9,6.34
1225,0,Entry,0,1,50135.75398,3,3.47
1226,0,Entry,0,1,41352.57903,1,4.38
1227,0,Entry,0,0,48452.71105,2,7.77
1228,1,Manager,1,1,94943.78156,3,5.3
1229,0,Entry,0,0,49014.06134,1,4.57
1230,1,Manager,0,1,129188.1838,9,2.58
1231,1,Manager,1,1,116916.0571,7,6.58
1232,0,Entry,0,0,50213.54372,2,4.57
1233,1,Manager,0,0,141174.1873,11,5.55
1234,1,Manager,1,1,108593.8918,6,4.99
1235,0,Entry,0,0,51856.583,3,5.92
1236,1,Manager,0,1,131288.6853,9,5.93
1237,0,Entry,0,0,44414.20316,1,6.72
1238,0,Entry,0,0,55382.69995,4,6.74
1239,0,Entry,1,0,44734.02971,1,5.86
1240,0,Entry,1,1,52629.42269,3,5.99
1241,0,Entry,0,1,48190.89544,3,3.03
1242,1,Manager,0,0,120018.7951,9,8.07
1243,0,Entry,0,0,46503.51659,1,4.57
1244,1,Manager,0,0,130632.3792,11,5.97
1245,0,Entry,0,1,55082.39214,3,4.44
1246,1,Manager,0,1,118854.4369,10,7.05
1247,1,Manager,0,0,138265.3616,10,5.65
1248,1,Manager,0,1,132690.8178,9,3.64
1249,0,Entry,0,0,48780.11722,3,4.57
1250,1,Manager,1,1,108204.5545,7,5.47
1251,1,Manager,0,0,125738.8314,11,5.98
1252,1,Manager,0,1,122587.4691,7,5.25
1253,1,Manager,0,1,126067.7768,10,1.9
1254,0,Entry,0,0,51381.63391,3,3.9
1255,0,Entry,1,0,51147.23766,2,6.59
1256,1,Manager,0,1,123291.8792,9,4.63
1257,0,Entry,1,1,47731.46033,2,6.84
1258,1,Manager,0,1,118462.7304,6,6.8
1259,1,Manager,0,1,126536.3743,9,6.95
1260,1,Manager,0,1,123663.9909,9,5.1
1261,1,Manager,0,1,135969.5908,13,2.23
1262,1,Manager,1,1,106739.9137,5,5.13
1263,1,Manager,0,0,134531.5862,11,7.27
1264,1,Manager,1,1,112898.6304,8,6.71
1265,1,Manager,0,1,122667.596,10,7.51
1266,1,Manager,0,0,122292.4046,7,6.62
1267,0,Entry,0,1,51865.38072,3,3.47
1268,0,Entry,0,0,47930.33749,2,4.57
1269,1,Manager,0,1,137636.7084,10,7.37
1270,1,Manager,1,1,110617.847,6,6.53
1271,1,Manager,0,1,125412.3669,10,6.48
1272,1,Manager,0,1,112517.3917,8,3.48
1273,1,Manager,0,1,141237.371,11,7.62
1274,1,Manager,0,1,134899.8555,11,5.67
1275,1,Manager,0,0,122599.7861,10,8.51
1276,0,Entry,0,1,51644.98467,2,4.84
1277,1,Manager,1,1,117877.0163,8,5.94
1278,0,Entry,0,0,45456.9247,2,5.92
1279,0,Entry,0,0,49123.20622,1,5.04
1280,0,Entry,0,1,49247.02889,2,1.33
1281,1,Manager,0,1,120389.7248,10,5.17
1282,1,Manager,0,1,135171.5196,11,5.59
1283,1,Manager,0,1,136912.7167,12,4.38
1284,1,Manager,0,1,124065.7971,10,4.02
1285,1,Manager,0,0,121198.3464,8,7.76
1286,1,Manager,0,1,138509.443,11,3.59
1287,0,Entry,0,0,50733.10748,1,5.24
1288,1,Manager,1,0,95154.7259,3,5.05
1289,0,Entry,0,0,45933.41954,2,7.23
1290,0,Entry,0,0,52948.05218,3,5.24
1291,0,Entry,0,1,44293.20007,1,5.04
1292,1,Manager,0,0,114752.0094,6,5.73
1293,1,Manager,1,0,101406.2341,3,7.58
1294,1,Manager,0,0,115369.7031,6,4.04
1295,0,Entry,0,1,49619.70883,2,6.54
1296,1,Manager,1,1,97095.13581,3,6.89
1297,1,Manager,1,1,110294.4377,8,7.07
1298,0,Entry,1,1,46667.66224,1,1.79
1299,0,Entry,0,0,55187.99665,4,5.84
1300,1,Manager,0,1,134516.5638,10,3.39
1301,1,Manager,0,1,122169.5864,9,3.11
1302,1,Manager,0,1,134998.3059,13,6.11
1303,0,Entry,0,1,45950.2157,0,5.71
1304,0,Entry,1,1,53289.74877,3,4.44
1305,1,Manager,1,1,108665.9091,5,5.33
1306,0,Entry,0,1,53016.99195,3,2.08
1307,0,Entry,0,0,53086.77846,3,5.47
1308,0,Entry,1,0,46348.1898,0,5.24
1309,1,Manager,0,1,125175.4201,11,4.36
1310,1,Manager,1,1,118241.4618,6,5.61
1311,0,Entry,1,0,49418.59447,2,7.34
1312,0,Entry,0,0,51868.81841,3,3.9
1313,1,Manager,1,0,134991.2417,9,5.86
1314,0,Entry,0,0,52396.84146,3,6.59
1315,1,Manager,0,1,137889.4671,10,7.33
1316,0,Entry,1,1,50801.76499,2,5.52
1317,0,Entry,0,0,46651.6994,0,5.6
1318,1,Manager,0,1,106099.3153,6,5.02
1319,1,Manager,0,1,127910.0582,11,5.93
1320,0,Entry,1,0,50931.94241,2,5.18
1321,0,Entry,1,0,55567.90671,3,5.24
1322,1,Manager,0,0,125455.2801,11,5.39
1323,1,Manager,1,1,104077.0979,6,5.06
1324,1,Manager,0,1,109851.1762,6,4.77
1325,1,Manager,0,1,127552.7466,8,5.72
1326,1,Manager,0,1,119413.7977,9,6.15
1327,0,Entry,0,1,52884.43627,2,4.62
1328,1,Manager,0,0,128222.7795,11,6.7
1329,0,Entry,0,0,46081.39231,1,4.57
1330,1,Manager,0,0,133710.3766,10,5.39
1331,0,Entry,0,1,51560.39219,2,4.11
1332,1,Manager,0,1,131419.1321,12,5.07
1333,0,Entry,0,1,42853.60158,1,3.08
1334,0,Entry,1,1,49544.24992,2,5.07
1335,0,Entry,1,1,47595.48078,1,5.56
1336,1,Manager,0,1,132787.0104,12,3.71
1337,0,Entry,0,1,49579.2037,2,6.42
1338,0,Entry,0,0,52934.09699,2,6.31
1339,0,Entry,0,0,47668.65586,2,5.92
1340,0,Entry,0,0,54310.51695,4,7.02
1341,1,Manager,0,0,107507.304,5,5.44
1342,1,Manager,0,1,116341.6842,8,3.19
1343,1,Manager,1,0,110793.0847,7,6.06
1344,1,Manager,0,0,118594.4038,6,5.94
1345,0,Entry,0,1,48390.02618,1,5.25
1346,1,Manager,1,1,100767.6149,3,7.13
1347,0,Entry,0,1,53540.40488,3,5.63
1348,0,Entry,0,1,40333.46185,1,5.85
1349,0,Entry,0,1,45656.53474,1,5.91
1350,1,Manager,1,1,104664.3564,5,6.67
1351,0,Entry,0,1,48201.57108,2,4.14
1352,1,Manager,0,1,136796.0346,13,5.99
1353,1,Manager,1,1,132234.5899,12,4.02
1354,1,Manager,0,1,130708.522,8,4.91
1355,1,Manager,1,1,104110.3986,5,7.65
1356,1,Manager,0,1,127362.2741,11,5.98
1357,1,Manager,1,0,112762.9294,5,5.34
1358,1,Manager,1,1,109622.8938,7,4.54
1359,1,Manager,0,0,121317.3127,7,6.6
1360,0,Entry,1,1,53928.30142,3,4.77
1361,1,Manager,0,1,114463.6574,7,5.96
1362,1,Manager,1,1,92775.99839,4,3.63
1363,1,Manager,0,1,119315.5947,6,7.07
1364,0,Entry,0,1,48133.97528,1,4.16
1365,1,Manager,0,0,139962.5019,12,5.81
1366,1,Manager,0,1,119199.9528,7,5.56
1367,1,Manager,0,1,117119.6539,8,3.32
1368,1,Manager,1,1,112082.9298,6,5.48
1369,0,Entry,1,0,44480.91554,1,7.26
1370,1,Manager,0,0,132817.496,9,4.54
1371,1,Manager,0,1,109645.9224,6,6.21
1372,0,Entry,1,0,45383.06708,2,5.24
1373,0,Entry,1,1,52770.5488,2,6.13
1374,1,Manager,0,1,130412.5747,10,4.14
1375,0,Entry,1,0,47839.12084,1,6.59
1376,0,Entry,0,0,45158.02174,0,3.9
1377,1,Manager,1,1,102785.7804,7,5.24
1378,1,Manager,1,1,118647.9736,9,5.21
1379,1,Manager,1,1,119812.6327,9,5.81
1380,0,Entry,0,0,50772.86443,2,6.59
1381,0,Entry,0,1,47314.31008,1,4.91
1382,1,Manager,1,1,98387.46381,5,6.17
1383,0,Entry,0,0,51275.85679,2,5.24
1384,0,Entry,0,1,51384.11896,2,2.94
1385,1,Manager,1,0,106088.3799,7,5.1
1386,0,Entry,1,0,49627.87251,1,5.24
1387,1,Manager,0,0,136605.1962,13,8.07
1388,1,Manager,0,1,135854.6547,11,5.96
1389,0,Entry,1,1,47849.36734,1,3.91
1390,0,Entry,0,1,53946.36913,4,5.89
1391,0,Entry,0,1,54076.79869,2,6.35
1392,0,Entry,0,1,46135.05551,1,5.52
1393,1,Manager,1,0,118851.7852,9,7.73
1394,0,Entry,0,0,53854.47469,2,6.59
1395,0,Entry,1,1,53875.79649,3,5.43
1396,1,Manager,0,1,115223.0443,6,7.58
1397,0,Entry,0,0,55270.76862,3,7.37
1398,1,Manager,0,1,121951.9421,8,4.52
1399,1,Manager,1,0,123643.6551,8,4.27
1400,0,Entry,1,1,49813.36435,2,2.79
1401,0,Entry,1,0,53596.69018,3,6.59
1402,0,Entry,0,0,49601.65501,3,5.92
1403,1,Manager,0,1,139284.3585,12,4.15
1404,0,Entry,1,0,43451.54675,1,5.24
1405,1,Manager,0,0,118075.2339,10,7.19
1406,0,Entry,1,0,45447.03866,1,6.49
1407,1,Manager,1,1,115521.7296,7,4.48
1408,0,Entry,0,1,41013.94931,-1,5.15
1409,0,Entry,1,0,46703.2315,2,4.57
1410,0,Entry,0,0,46376.70755,2,5.92
1411,0,Entry,0,0,43668.73827,1,8.26
1412,0,Entry,1,1,49409.1543,2,7.49
1413,1,Manager,0,1,130749.3072,10,6.23
1414,1,Manager,0,0,107703.9634,6,6.39
1415,1,Manager,0,0,137708.6504,12,7.76
1416,0,Entry,0,1,40452.14315,1,3.23
1417,1,Manager,0,1,147908.4851,15,5.5
1418,0,Entry,0,0,51479.70566,2,4.57
1419,1,Manager,0,1,108065.6804,4,8.2
1420,0,Entry,0,1,46462.89959,1,3.85
1421,0,Entry,1,0,52577.59034,2,6.59
1422,1,Manager,0,1,134252.5219,9,4.13
1423,1,Manager,0,0,135108.5404,12,6.47
1424,1,Manager,0,1,124807.6825,11,4.71
1425,0,Entry,0,1,42281.75169,1,6.63
1426,0,Entry,1,1,43177.48385,0,7
1427,1,Manager,0,0,131865.831,10,7.05
1428,1,Manager,0,0,137267.553,11,4.34
1429,1,Manager,0,1,125886.8442,10,1.92
1430,0,Entry,1,0,49188.41589,1,5.24
1431,0,Entry,1,1,46224.38478,2,2.56
1432,0,Entry,1,0,51406.6217,2,6.59
1433,1,Manager,0,1,116143.4751,8,6.46
1434,0,Entry,0,0,51108.31781,3,7.29
1435,1,Manager,1,1,104037.9336,5,4.76
1436,1,Manager,1,1,118102.0946,9,6.61
1437,0,Entry,1,0,53318.01972,4,5.89
1438,1,Manager,0,0,114663.8589,5,5.64
1439,1,Manager,1,0,125691.1591,9,6.96
1440,1,Manager,1,1,121291.0992,8,4
1441,0,Entry,1,0,50240.57621,1,5.92
1442,0,Entry,1,1,54207.66934,4,7.79
1443,1,Manager,0,1,124549.4719,9,6.36
1444,1,Manager,0,1,124393.968,11,5.48
1445,1,Manager,0,1,119694.2088,6,6.07
1446,1,Manager,0,0,128817.1446,9,7.47
1447,1,Manager,0,0,116775.9725,9,4.9
1448,0,Entry,1,0,54095.47212,4,6.59
1449,1,Manager,0,0,142541.7754,14,4.07
1450,1,Manager,0,1,132724.9314,10,5.86
1451,1,Manager,0,1,122699.685,9,4.54
1452,1,Manager,1,0,126213.9072,9,7.42
1453,1,Manager,1,1,115621.9398,7,6.53
1454,1,Manager,0,1,121396.3917,8,5.77
1455,1,Manager,0,0,127427.9893,9,8.09
1456,1,Manager,0,1,117767.3145,9,4.27
1457,0,Entry,0,0,45474.07199,2,5.92
1458,0,Entry,0,1,52043.25474,2,1.91
1459,0,Entry,0,0,52594.94016,2,5.4
1460,0,Entry,0,0,49990.75226,3,7.13
1461,1,Manager,0,1,134639.3951,11,5.47
1462,1,Manager,0,1,121232.7788,8,4.93
1463,0,Entry,1,1,44193.48296,1,6.54
1464,1,Manager,1,1,111444.5158,5,5.36
1465,0,Entry,0,1,45067.88505,0,3.3
1466,1,Manager,0,0,118380.1067,7,4.98
1467,1,Manager,1,0,113023.3643,5,5.74
1468,1,Manager,1,1,96591.86635,2,6.77
1469,1,Manager,0,0,132978.4489,9,4.53
1470,1,Manager,0,0,109336.5348,6,7.65
1471,0,Entry,0,1,48676.27023,1,4.66
1472,1,Manager,1,1,94387.3769,3,6.04
1473,1,Manager,1,0,93620.09919,4,9.7
1474,0,Entry,1,0,53190.0463,3,6.17
1475,1,Manager,0,0,149132.4915,16,7.02
1476,1,Manager,0,0,127212.7823,9,6.69
1477,0,Entry,1,0,55253.5994,3,5.24
1478,1,Manager,0,0,117459.2674,8,7.19
1479,0,Entry,1,0,47340.71063,1,7.61
1480,1,Manager,0,1,149497.8674,13,4.4
1481,0,Entry,1,1,45291.83747,2,3.45
1482,0,Entry,0,0,48701.7563,2,5.24
1483,1,Manager,0,1,128242.3211,8,4.34
1484,1,Manager,1,1,126700.6293,10,4.97
1485,0,Entry,1,0,53823.67622,3,6.59
1486,0,Entry,0,0,56262.61428,4,5.92
1487,0,Entry,0,1,46985.44162,1,6.09
1488,1,Manager,1,1,111734.31,5,5.02
1489,0,Entry,0,1,47347.63111,1,3.62
1490,1,Manager,0,0,124584.4551,8,6.25
1491,1,Manager,1,1,116622.678,9,6.15
1492,0,Entry,1,0,55938.08816,3,7.08
1493,0,Entry,1,1,54270.24819,3,5.89
1494,0,Entry,1,0,50637.1311,3,5.92
1495,0,Entry,0,0,46227.02477,1,3.9
1496,0,Entry,0,1,47026.53983,2,4.32
1497,1,Manager,0,0,111496.2874,7,3.04
1498,0,Entry,1,1,48242.75798,3,5.47
1499,1,Manager,0,0,119515.4529,9,6.87
1500,0,Entry,1,1,55746.04391,4,3.06
1501,0,Entry,0,0,50954.34657,3,3.23
1502,0,Entry,0,1,46840.6376,2,3.41
1503,0,Entry,0,0,53633.4352,2,5.24
1504,0,Entry,0,0,52029.36761,2,5.44
1505,0,Entry,0,1,54469.77167,2,5.51
1506,0,Entry,0,0,48900.4593,2,5.67
1507,1,Manager,0,1,124769.444,9,4.59
1508,1,Manager,1,0,104074.977,5,6.47
1509,1,Manager,0,1,114997.2688,6,5.74
1510,1,Manager,0,1,122574.0033,9,5.64
1511,0,Entry,0,1,44634.10968,1,3.09
1512,1,Manager,1,1,120478.4906,9,4.83
1513,1,Manager,0,1,134038.773,12,3.27
1514,1,Manager,1,0,108832.2179,7,6.32
1515,0,Entry,1,0,50542.475,3,5.24
1516,0,Entry,1,0,52161.27446,3,4.57
1517,1,Manager,0,0,110209.497,6,5.85
1518,0,Entry,0,0,44602.80104,1,5.92
1519,0,Entry,0,1,53420.56781,3,4.28
1520,1,Manager,0,1,134453.0534,11,2.94
1521,0,Entry,0,0,44399.03084,1,7.28
1522,1,Manager,0,1,101478.9329,3,4.94
1523,1,Manager,0,0,116035.2541,8,6.08
1524,1,Manager,0,1,125815.4558,11,4.81
1525,1,Manager,0,1,116814.9966,7,4.96
1526,0,Entry,0,0,47891.74595,3,4.57
1527,1,Manager,0,0,121389.9797,8,6.39
1528,1,Manager,0,1,123755.6836,7,7.48
1529,1,Manager,1,1,120335.5174,10,5.75
1530,0,Entry,0,1,50688.86973,2,5.24
1531,0,Entry,0,0,51818.71771,3,7.67
1532,1,Manager,0,1,114898.8668,8,4.45
1533,0,Entry,0,0,53444.52407,3,6.85
1534,0,Entry,0,1,41681.55086,0,5.7
1535,1,Manager,1,1,104230.9046,6,5.15
1536,0,Entry,1,0,48624.11189,1,7.02
1537,0,Entry,0,0,48580.50983,1,5.24
1538,0,Entry,0,1,53015.06847,3,3.76
1539,0,Entry,1,0,40736.9036,-1,3.23
1540,0,Entry,0,1,48894.72406,2,4.09
1541,1,Manager,1,0,100294.8886,3,7.08
1542,0,Entry,1,0,49431.91306,1,4.57
1543,1,Manager,0,1,110420.2862,7,4.73
1544,0,Entry,1,0,44953.32233,1,3.23
1545,0,Entry,1,1,55748.01114,2,4.4
1546,0,Entry,0,0,55493.81814,3,6.59
1547,0,Entry,0,1,44927.68013,1,3.34
1548,0,Entry,1,1,53258.93537,3,4.82
1549,0,Entry,1,0,46901.20188,1,8.21
1550,1,Manager,0,0,124927.5837,9,4.66
1551,1,Manager,0,0,134595.1147,11,5.29
1552,1,Manager,1,1,111414.4259,7,4.59
1553,1,Manager,1,1,139854.3927,11,6.29
1554,0,Entry,1,0,45425.59846,1,6.48
1555,1,Manager,0,1,120051.6456,10,5.27
1556,0,Entry,1,1,43221.62242,0,4.19
1557,0,Entry,0,0,46546.68953,1,6
1558,0,Entry,0,0,54169.72552,2,7.45
1559,0,Entry,0,1,47551.80243,2,4.67
1560,1,Manager,0,0,134166.2112,10,7.21
1561,1,Manager,1,0,105563.1462,5,5.12
1562,1,Manager,1,0,112076.9442,8,6.29
1563,0,Entry,0,1,49193.97857,1,4.26
1564,1,Manager,1,0,99132.08143,4,4.36
1565,1,Manager,1,1,112063.9554,5,4.34
1566,1,Manager,0,1,116971.1742,7,4.63
1567,1,Manager,0,1,131804.5869,12,4.89
1568,0,Entry,0,0,46514.85576,2,7.58
1569,1,Manager,0,1,125611.1115,10,5.28
1570,0,Entry,0,0,47690.77987,1,4.57
1571,1,Manager,0,0,120175.9865,9,7.38
1572,0,Entry,1,1,49496.67367,3,6.6
1573,0,Entry,0,1,51788.06164,2,5.27
1574,0,Entry,1,1,50485.15506,3,5.75
1575,0,Entry,1,1,43839.01998,1,6.53
1576,1,Manager,0,0,124566.119,9,6.44
1577,0,Entry,1,0,52477.01323,3,7.18
1578,0,Entry,0,1,53672.23898,2,5.15
1579,0,Entry,0,0,43584.30427,0,4.57
1580,0,Entry,1,0,53343.90246,2,5.92
1581,1,Manager,0,1,120399.4431,9,4.55
1582,1,Manager,1,0,113358.2523,7,7.79
1583,0,Entry,0,0,49751.94616,1,5.92
1584,0,Entry,1,1,48973.80384,2,4.37
1585,1,Manager,0,1,136296.9331,10,6.21
1586,0,Entry,1,0,50082.08071,1,5.24
1587,0,Entry,0,1,49619.15888,2,5.9
1588,1,Manager,1,0,109018.3651,6,5.41
1589,0,Entry,0,0,52274.00276,3,5.24
1590,0,Entry,1,0,53669.24025,2,5.24
1591,1,Manager,1,1,101033.6578,6,4.2
1592,0,Entry,1,1,49453.42636,2,3.66
1593,1,Manager,1,1,109298.3785,7,6.92
1594,0,Entry,0,0,45408.7769,1,5.92
1595,0,Entry,1,0,53550.63325,2,5.92
1596,0,Entry,1,0,47646.03687,2,5.92
1597,0,Entry,0,0,44412.64045,1,5.92
1598,0,Entry,1,0,49990.11021,2,7.96
1599,1,Manager,0,1,126369.69,9,6.08
1600,1,Manager,0,1,134562.5578,12,5.32
1601,1,Manager,0,1,124583.1156,8,6.34
1602,1,Manager,0,1,119842.1586,9,4.19
1603,0,Entry,0,1,44082.53164,0,3.34
1604,0,Entry,0,1,49032.14947,2,5.15
1605,1,Manager,0,1,129578.7347,9,6.8
1606,1,Manager,1,0,100253.4084,4,7.52
1607,0,Entry,0,1,50261.44525,2,3.66
1608,1,Manager,1,1,105524.0318,3,6.49
1609,1,Manager,0,1,136984.5298,11,5.76
1610,0,Entry,1,0,50166.19409,2,5.81
1611,0,Entry,0,0,52216.08609,3,5.24
1612,1,Manager,1,1,116792.9445,9,3.61
1613,1,Manager,0,1,114980.4834,7,4.69
1614,1,Manager,1,1,119117.8637,7,3.59
1615,0,Entry,0,0,53967.47663,3,4.57
1616,1,Manager,0,1,107941.2872,7,5.9
1617,0,Entry,1,1,52825.36276,2,2.93
1618,1,Manager,0,1,141129.5265,11,4.84
1619,1,Manager,0,1,119172.4238,6,6.9
1620,0,Entry,1,1,52169.88274,1,5.57
1621,0,Entry,0,1,52132.65191,2,4.97
1622,1,Manager,1,0,126447.7196,8,6.21
1623,0,Entry,1,0,53790.09902,3,3.9
1624,1,Manager,0,1,132355.4788,12,5.22
1625,1,Manager,0,1,141586.9743,14,7.87
1626,1,Manager,0,1,127356.1179,11,7.77
1627,0,Entry,1,1,48362.81671,1,5.49
1628,0,Entry,0,1,53583.71755,2,4.88
1629,0,Entry,0,1,45047.96873,1,4.21
1630,1,Manager,0,1,121995.1176,9,5.88
1631,0,Entry,0,1,46738.02507,2,3.99
1632,1,Manager,0,1,126913.641,9,4.56
1633,0,Entry,0,1,53427.82557,2,4.66
1634,0,Entry,0,1,49218.6655,2,2.01
1635,1,Manager,0,1,119625.2982,8,6.17
1636,0,Entry,0,1,48105.35618,2,3.83
1637,0,Entry,0,0,52335.54479,2,7.96
1638,1,Manager,0,0,124099.994,9,8.47
1639,1,Manager,0,1,123123.4319,9,5.49
1640,0,Entry,1,1,53722.6528,2,5.2
1641,0,Entry,1,0,45463.77145,1,4.57
1642,0,Entry,1,1,42054.23685,0,4.58
1643,1,Manager,0,1,105136.8333,4,5.37
1644,1,Manager,1,1,126134.0551,10,6.59
1645,1,Manager,1,0,143197.222,14,7.56
1646,0,Entry,0,0,43231.99269,0,6.59
1647,0,Entry,1,1,49265.6963,2,5.76
1648,0,Entry,0,1,55461.1267,3,3.81
1649,1,Manager,1,0,107014.9962,7,6.62
1650,1,Manager,0,1,129961.9046,10,6.64
1651,1,Manager,0,1,129412.2785,10,6.51
1652,0,Entry,0,0,44661.8215,0,4.57
1653,1,Manager,1,0,108279.4517,5,4.97
1654,1,Manager,1,1,97200.56903,2,5.63
1655,1,Manager,0,1,113132.7248,8,3.78
1656,0,Entry,1,1,53120.59723,3,3.03
1657,0,Entry,1,0,45389.80295,1,6.09
1658,0,Entry,0,1,49170.57726,2,4.69
1659,1,Manager,1,1,117325.5155,9,7.67
1660,0,Entry,1,0,50591.69463,3,6.59
1661,1,Manager,0,0,114189.2648,8,6.32
1662,1,Manager,0,1,142258.8946,14,6.09
1663,1,Manager,0,1,120193.2168,10,3.77
1664,1,Manager,1,1,95184.87528,2,4.23
1665,0,Entry,1,0,47142.00423,1,6.59
1666,0,Entry,0,1,52577.00449,3,4.53
1667,1,Manager,0,1,110296.9411,8,2.72
1668,1,Manager,1,1,116984.9076,7,5.89
1669,1,Manager,0,1,119162.4807,8,7.24
1670,1,Manager,0,0,128853.346,10,5.75
1671,1,Manager,0,0,130671.8008,11,6.74
1672,0,Entry,1,0,50780.31135,1,4.57
1673,1,Manager,0,1,127336.9384,8,3.99
1674,0,Entry,0,0,50573.17068,1,6.95
1675,1,Manager,0,1,115930.0335,8,5.64
1676,1,Manager,0,1,145576.1942,12,4.32
1677,1,Manager,1,1,114427.4571,7,3.15
1678,1,Manager,0,1,102573.0945,3,6.69
1679,0,Entry,1,0,48404.37162,2,5.92
1680,0,Entry,1,0,50808.69843,1,8.07
1681,1,Manager,0,1,105548.3898,6,5.83
1682,1,Manager,1,0,102841.9349,5,6.47
1683,0,Entry,0,0,46426.24995,1,5.92
1684,0,Entry,1,0,50298.06995,3,5.24
1685,1,Manager,1,1,95315.47262,5,3.65
1686,1,Manager,0,1,121965.2151,7,3.44
1687,1,Manager,1,0,113456.8322,8,7.29
1688,0,Entry,0,0,45699.88248,2,5.24
1689,1,Manager,1,1,108023.5338,6,4.63
1690,0,Entry,1,1,42266.43726,1,3.75
1691,0,Entry,0,1,55961.69109,3,5.85
1692,0,Entry,1,1,40888.1284,1,4.92
1693,0,Entry,1,0,53412.52719,2,3.23
1694,1,Manager,0,1,114567.0881,7,3.25
1695,1,Manager,1,1,114060.4588,8,4.02
1696,1,Manager,0,1,127276.0537,11,3.96
1697,0,Entry,0,1,49405.03469,1,5.98
1698,1,Manager,0,1,129899.0421,11,5.64
1699,1,Manager,0,0,103251.9572,3,6.61
1700,1,Manager,0,1,114565.3878,6,3.18
1701,1,Manager,0,1,132088.6823,9,4.08
1702,1,Manager,1,0,103576.9362,5,4.94
1703,0,Entry,0,0,51873.41425,2,7.95
1704,0,Entry,1,1,44143.80431,1,5.17
1705,0,Entry,1,0,56394.98949,3,5.24
1706,0,Entry,0,1,50465.48819,2,6.12
1707,1,Manager,0,0,117459.0952,6,6.49
1708,1,Manager,0,1,137152.1749,13,6.96
1709,1,Manager,1,0,93395.70368,2,5.84
1710,1,Manager,1,1,108900.9519,4,6.26
1711,0,Entry,1,0,52202.95396,3,6.59
1712,0,Entry,0,0,43931.28992,1,6.65
1713,0,Entry,0,0,48667.79653,1,6.59
1714,1,Manager,1,1,94979.59671,2,2.74
1715,0,Entry,1,1,56483.33663,3,7.25
1716,1,Manager,1,0,114781.2094,5,4.45
1717,1,Manager,0,0,138095.371,12,6.77
1718,1,Manager,1,1,113212.1512,8,5.49
1719,1,Manager,1,1,126094.8972,8,7.11
1720,1,Manager,0,1,111583.7161,7,3.41
1721,1,Manager,1,0,115151.7697,7,7.36
1722,0,Entry,0,1,51163.48514,3,6.03
1723,0,Entry,1,0,40271.37119,0,4.57
1724,0,Entry,0,1,49064.72254,1,5.76
1725,1,Manager,0,1,98109.51227,4,6.96
1726,0,Entry,1,0,51534.94935,1,5.92
1727,0,Entry,0,1,48538.74638,1,2.91
1728,0,Entry,0,1,48591.26626,1,6
1729,1,Manager,0,0,137375.2224,12,7.35
1730,0,Entry,1,1,46872.56308,1,1.12
1731,0,Entry,1,1,47343.48904,1,3.88
1732,1,Manager,1,1,117494.2479,8,4.89
1733,0,Entry,0,1,47364.95721,1,5.89
1734,0,Entry,0,0,43845.80669,1,3.23
1735,0,Entry,0,1,46819.13908,1,6.63
1736,1,Manager,0,0,127808.7056,11,5.22
1737,0,Entry,0,0,52838.75694,3,7.14
1738,0,Entry,0,0,55653.35775,3,7.26
1739,1,Manager,0,1,149382.9984,13,5.19
1740,0,Entry,0,0,42392.56476,0,6.59
1741,1,Manager,0,1,138412.1024,12,6.31
1742,1,Manager,0,0,145059.199,15,7.1
1743,1,Manager,0,1,128392.7803,10,6.41
1744,1,Manager,1,1,123154.0241,10,7.25
1745,1,Manager,0,1,112379.275,6,5.01
1746,0,Entry,0,0,49361.49261,1,6.7
1747,1,Manager,0,0,144063.8034,12,6.74
1748,1,Manager,0,0,131818.6156,10,7.45
1749,0,Entry,1,0,52556.32003,3,5.24
1750,0,Entry,0,0,51505.84414,3,7.26
1751,0,Entry,1,1,45279.40267,2,3.76
1752,1,Manager,1,1,105618.79,5,4.79
1753,0,Entry,1,1,45200.29963,2,5.13
1754,0,Entry,0,0,54905.08143,3,5.92
1755,1,Manager,1,0,130169.81,10,5.73
1756,1,Manager,1,1,107869.5154,6,7.16
1757,0,Entry,0,1,48066.74494,2,6.75
1758,0,Entry,1,0,47150.25852,1,5.24
1759,1,Manager,0,0,124209.9636,8,6.6
1760,0,Entry,0,0,55210.66399,4,5.92
1761,1,Manager,1,1,113615.9815,7,5.52
1762,0,Entry,0,0,47152.82012,2,4.18
1763,0,Entry,0,0,52450.66714,3,4.57
1764,1,Manager,1,1,116748.0313,6,5.45
1765,0,Entry,0,1,52172.3057,3,4.13
1766,0,Entry,0,1,47371.74294,2,3.81
1767,0,Entry,0,1,45805.59152,1,1.21
1768,0,Entry,1,0,55319.34918,3,6.58
1769,0,Entry,0,0,56001.66615,2,5.24
1770,1,Manager,0,1,132676.4736,11,7.24
1771,1,Manager,0,0,128159.8513,11,4.79
1772,0,Entry,0,0,47873.21671,2,7.31
1773,1,Manager,0,1,133474.4874,10,2.66
1774,1,Manager,0,1,124832.309,11,4.13
1775,1,Manager,1,0,118862.8393,8,7
1776,1,Manager,0,1,120303.877,7,6.05
1777,0,Entry,0,0,51321.03213,2,5.84
1778,0,Entry,0,0,51235.88885,1,5.67
1779,0,Entry,0,1,49024.32257,3,5.6
1780,0,Entry,0,0,46279.57866,1,8.18
1781,0,Entry,0,0,47867.93619,1,5.92
1782,0,Entry,1,1,50610.74529,1,5.26
1783,1,Manager,1,1,121195.8773,6,4.78
1784,0,Entry,1,1,50828.03956,1,7.2
1785,0,Entry,1,0,45470.10096,1,3.9
1786,1,Manager,0,0,132651.5949,11,6.49
1787,0,Entry,1,0,54497.19805,2,5.82
1788,1,Manager,0,0,106866.6514,6,5.11
1789,1,Manager,0,1,142834.4983,12,4.98
1790,0,Entry,0,0,47078.68877,2,5.24
1791,1,Manager,0,1,130035.9107,9,6.04
1792,1,Manager,0,1,128022.8228,9,4.37
1793,0,Entry,1,0,48128.36812,2,8.35
1794,0,Entry,1,0,47010.40998,1,6.59
1795,1,Manager,1,0,101849.4045,5,5.69
1796,0,Entry,1,0,50524.36447,1,6.77
1797,0,Entry,0,1,47610.59678,2,6.82
1798,1,Manager,1,1,124815.9184,10,7.52
1799,0,Entry,0,0,48890.67554,2,5.92
1800,1,Manager,0,1,119233.0772,7,4.28
1801,0,Entry,1,0,40253.52859,1,5.92
1802,1,Manager,1,1,96249.83209,2,4.6
1803,0,Entry,0,1,50127.42917,3,4.62
1804,0,Entry,0,1,54182.86638,3,2.43
1805,1,Manager,1,1,112137.114,8,6.63
1806,0,Entry,1,1,47298.70411,1,3.35
1807,1,Manager,0,1,128213.3801,10,5.14
1808,1,Manager,0,0,127053.7385,8,7.38
1809,1,Manager,0,1,144408.2698,11,2.98
1810,0,Entry,1,1,46506.29559,1,8.36
1811,1,Manager,0,0,111459.479,5,7.47
1812,1,Manager,0,0,121007.0561,9,6.52
1813,1,Manager,0,1,129709.3928,10,5.58
1814,0,Entry,0,1,48064.25448,2,6.59
1815,0,Entry,1,1,54780.44295,2,3.45
1816,0,Entry,1,1,55786.2859,3,5.35
1817,0,Entry,0,1,49774.59644,2,4.16
1818,1,Manager,0,0,146487.4393,14,9
1819,1,Manager,1,1,120404.2503,8,5.31
1820,0,Entry,0,0,56065.93534,4,7.44
1821,0,Entry,0,0,49137.87541,1,8.51
1822,0,Entry,0,1,48979.66934,1,2.06
1823,1,Manager,1,1,99458.11372,4,6.6
1824,1,Manager,0,1,124916.6141,7,4.96
1825,1,Manager,1,1,119546.8864,7,5.52
1826,0,Entry,1,0,48284.32324,2,4.57
1827,0,Entry,0,0,47622.81166,1,5.92
1828,0,Entry,0,0,49287.98504,1,4.57
1829,0,Entry,0,1,48808.60199,1,3.22
1830,1,Manager,0,0,123085.631,10,5.21
1831,0,Entry,0,0,50020.06377,1,3.23
1832,0,Entry,0,0,55551.61898,3,5.92
1833,0,Entry,1,0,52828.49351,2,5.24
1834,1,Manager,0,0,105522.9085,6,6.99
1835,0,Entry,0,1,49392.95694,2,5.57
1836,1,Manager,0,1,126865.1932,8,5.45
1837,0,Entry,0,0,51059.90732,2,7.99
1838,1,Manager,0,1,120425.5874,9,4.06
1839,0,Entry,1,1,49200.94928,2,6.1
1840,0,Entry,0,0,47148.82635,1,7.29
1841,1,Manager,0,1,104296.4221,4,4.66
1842,1,Manager,0,1,123205.7884,9,3.81
1843,0,Entry,1,0,44255.20775,0,6.59
1844,0,Entry,0,0,51061.6786,3,6.46
1845,1,Manager,0,1,124832.8859,7,6.44
1846,0,Entry,1,1,54581.27465,3,6.49
1847,1,Manager,0,1,117107.1389,7,4.75
1848,1,Manager,0,1,102814.2669,6,5.46
1849,1,Manager,0,0,135133.6331,10,9.72
1850,1,Manager,1,1,124241.678,8,5.38
1851,0,Entry,0,0,55169.86343,4,5.92
1852,1,Manager,1,1,113611.4513,6,5.21
1853,1,Manager,0,0,125131.9434,8,5.95
1854,0,Entry,0,1,48952.86801,2,5.98
1855,0,Entry,0,0,48038.87327,2,5.24
1856,1,Manager,0,0,136936.6756,10,6.03
1857,0,Entry,0,0,51362.31079,1,7.26
1858,0,Entry,1,1,52473.63351,2,4.99
1859,0,Entry,0,1,44888.89195,1,5.11
1860,1,Manager,0,1,121836.2928,7,5.28
1861,1,Manager,0,0,113731.169,6,7.41
1862,0,Entry,0,0,45434.67919,2,5.92
1863,1,Manager,1,0,106931.0632,4,5.15
1864,0,Entry,0,0,50812.74427,2,5.92
1865,0,Entry,0,0,48089.11406,1,3.9
1866,0,Entry,0,1,44755.75509,1,5.01
1867,0,Entry,0,1,48731.75174,1,5.25
1868,1,Manager,0,0,96336.03173,2,5.99
1869,1,Manager,1,0,90759.75842,4,7.79
1870,0,Entry,0,0,47899.55227,1,6.59
1871,0,Entry,0,0,53636.43553,3,3.23
1872,1,Manager,0,0,127489.7909,8,9.83
1873,1,Manager,1,1,114464.4196,5,7.09
1874,0,Entry,1,0,47009.85023,1,5.92
1875,1,Manager,0,1,122387.6157,8,2.63
1876,0,Entry,0,0,53988.90027,2,7.72
1877,1,Manager,0,1,138991.2554,10,5.51
1878,0,Entry,0,1,47918.1996,1,3.7
1879,1,Manager,0,1,113736.5682,5,6.36
1880,0,Entry,0,0,56956.83951,3,4.9
1881,1,Manager,0,1,126549.0578,9,5.39
1882,0,Entry,0,1,52663.36932,3,3.14
1883,0,Entry,1,0,50607.44531,2,4.57
1884,1,Manager,0,1,122955.197,7,6.02
1885,0,Entry,1,0,45436.98058,1,5.92
1886,0,Entry,0,0,46171.32643,2,5.61
1887,0,Entry,0,0,51882.65476,2,5.24
1888,1,Manager,0,1,109589.7108,6,5.95
1889,1,Manager,0,0,131226.1296,11,7.96
1890,1,Manager,0,1,121478.4584,7,6.61
1891,1,Manager,0,0,112361.6785,7,5.51
1892,1,Manager,0,1,98071.68122,3,5.13
1893,0,Entry,1,1,51628.60234,2,3.85
1894,0,Entry,0,0,48816.38133,2,4.57
1895,0,Entry,1,0,47821.57092,2,7.85
1896,1,Manager,1,0,117001.2057,7,6.12
1897,0,Entry,1,1,50026.02683,2,6.02
1898,0,Entry,1,1,52955.68985,3,3.79
1899,1,Manager,0,0,119628.4672,8,5.4
1900,1,Manager,1,0,113829.465,7,9.96
1901,0,Entry,0,1,54244.23804,2,5.53
1902,1,Manager,0,1,116874.9188,8,4.45
1903,1,Manager,1,1,122130.8848,8,6.41
1904,0,Entry,0,0,46820.60412,2,7.26
1905,0,Entry,1,0,54012.60827,4,5.92
1906,0,Entry,1,0,44815.35422,1,3.9
1907,0,Entry,0,0,53711.32513,4,5.24
1908,1,Manager,0,1,132139.0956,10,6.47
1909,1,Manager,1,1,107929.5706,5,3.75
1910,0,Entry,1,0,52012.75699,3,7.22
1911,0,Entry,1,1,44845.62092,0,2.54
1912,1,Manager,0,1,121693.8246,10,4.54
1913,1,Manager,0,1,126427.4027,9,5.28
1914,0,Entry,0,1,44908.8875,1,5.48
1915,0,Entry,0,1,55677.04157,4,3.36
1916,1,Manager,0,1,132802.2615,9,3.64
1917,1,Manager,0,1,107075.3077,7,7.62
1918,0,Entry,0,0,51259.6647,2,3.9
1919,0,Entry,0,1,52085.7961,2,4.88
1920,0,Entry,0,0,55515.21022,3,6.59
1921,0,Entry,0,1,49961.46815,1,4.33
1922,0,Entry,1,1,45001.11197,1,4.07
1923,0,Entry,0,1,46988.99682,1,3.81
1924,1,Manager,0,0,118927.4724,8,6.58
1925,1,Manager,0,0,116214.4922,7,7.01
1926,1,Manager,1,1,110154.8942,7,7.6
1927,0,Entry,0,0,43585.92523,2,5.99
1928,0,Entry,1,0,46871.04965,1,5.24
1929,1,Manager,0,1,125141.026,9,4.03
1930,1,Manager,0,1,141181.2332,12,4.2
1931,1,Manager,1,0,108200.9152,7,9.5
1932,0,Entry,1,1,54286.78473,2,5.04
1933,0,Entry,0,0,55683.75146,3,6.84
1934,0,Entry,0,0,46961.32961,2,7.59
1935,0,Entry,0,1,48236.1479,2,3.83
1936,1,Manager,1,1,95822.641,3,3.89
1937,1,Manager,0,1,127592.2338,9,3.35
1938,1,Manager,0,0,121590.6787,8,7.17
1939,1,Manager,0,1,127939.3698,9,6.82
1940,0,Entry,1,0,46052.51596,0,5.92
1941,0,Entry,1,0,49118.70332,3,4.57
1942,1,Manager,0,1,138973.9619,11,5.9
1943,0,Entry,0,0,51060.3604,2,7.04
1944,0,Entry,0,1,54384.01645,4,4.17
1945,0,Entry,0,1,48816.19417,1,2.49
1946,1,Manager,0,1,115783.3242,8,3.44
1947,1,Manager,1,0,111550.8691,8,8.88
1948,1,Manager,1,0,104084.2253,5,8.08
1949,0,Entry,0,0,53432.37297,3,4.57
1950,0,Entry,1,1,47281.54638,2,6.12
1951,0,Entry,1,1,49316.11196,1,4.74
1952,0,Entry,1,0,44800.10384,1,6.59
1953,1,Manager,0,1,121306.4736,8,5.06
1954,1,Manager,0,0,116126.3014,7,6.01
1955,0,Entry,0,1,48069.26789,1,4.93
1956,1,Manager,1,1,106471.7201,4,3.81
1957,1,Manager,1,0,123619.6636,10,5.92
1958,1,Manager,0,1,134604.7274,10,4.68
1959,0,Entry,0,0,54836.92482,4,6.16
1960,0,Entry,1,0,48467.28743,2,7.18
1961,1,Manager,0,0,121138.3263,7,6.16
1962,1,Manager,0,0,121579.3614,10,4.17
1963,0,Entry,1,0,49789.5274,2,4.81
1964,1,Manager,1,1,117785.4892,6,5.35
1965,1,Manager,0,0,128990.8937,11,6.86
1966,0,Entry,0,0,44234.49884,0,3.9
1967,0,Entry,0,0,50304.35549,3,5.24
1968,0,Entry,1,0,52389.46095,3,5.24
1969,0,Entry,0,1,53538.96486,2,3.97
1970,0,Entry,1,1,52621.06694,2,4.76
1971,0,Entry,0,1,44714.85835,0,3.57
1972,0,Entry,0,0,49924.8127,2,5.23
1973,1,Manager,0,0,116852.7126,6,5
1974,1,Manager,0,1,121783.6018,10,5.06
1975,1,Manager,0,0,111554.2515,6,8.67
1976,1,Manager,0,0,120456.6845,8,7.18
1977,0,Entry,1,0,55963.66496,3,4.84
1978,1,Manager,0,1,124207.0196,10,6.84
1979,0,Entry,0,1,50519.52518,3,2.82
1980,1,Manager,0,1,139322.4473,13,4
1981,1,Manager,1,0,103655.7403,6,8.76
1982,0,Entry,0,0,51458.32217,3,5.24
1983,1,Manager,0,0,119159.9105,9,5.85
1984,1,Manager,0,0,112946.9207,5,7.58
1985,0,Entry,0,0,40547.85691,0,4.57
1986,0,Entry,1,0,48691.10292,2,7.02
1987,1,Manager,1,1,96434.8327,3,5.98
1988,0,Entry,0,0,49519.23902,2,4.57
1989,1,Manager,0,1,131449.5505,11,3.24
1990,0,Entry,0,1,50111.4909,2,3.04
1991,1,Manager,0,0,97774.82085,4,6.43
1992,0,Entry,0,1,54100.98334,2,6.1
1993,0,Entry,0,0,47625.90571,1,6.59
1994,0,Entry,0,0,45973.43111,1,5.92
1995,0,Entry,0,1,49149.08948,3,4.26
1996,0,Entry,1,1,51672.92212,3,5.03
1997,0,Entry,1,0,50248.44289,2,6.62
1998,1,Manager,0,0,124393.2977,8,8.96
1999,0,Entry,0,0,50961.80971,2,4.57
2000,0,Entry,1,1,44226.27393,1,6.05
2001,1,Manager,0,1,113305.6854,8,4.27
2002,0,Entry,1,1,42363.16868,1,4.39
2003,0,Entry,1,1,55527.68245,2,6.3
2004,0,Entry,0,1,43578.24794,2,4.33
2005,0,Entry,0,0,44386.89675,2,6.8
2006,0,Entry,0,1,48128.20707,2,4.1
2007,0,Entry,0,0,47414.39722,2,4.57
2008,0,Entry,0,1,44382.699,0,4.55
2009,1,Manager,0,1,130073.7707,9,5.87
2010,1,Manager,0,0,118350.7034,7,2.41
2011,0,Entry,0,1,47216.51211,1,6.13
2012,0,Entry,0,1,54673.99404,3,2.8
2013,1,Manager,0,0,123274.1386,8,7.86
2014,1,Manager,0,1,141719.5548,14,4.94
2015,1,Manager,1,1,118936.832,9,4.34
2016,1,Manager,0,0,119414.2247,7,3.36
2017,0,Entry,1,0,47206.26719,2,6.35
2018,0,Entry,0,0,55284.29264,3,4.57
2019,1,Manager,0,1,113360.9441,8,5
2020,0,Entry,0,1,48111.37721,1,4.89
2021,0,Entry,0,0,54137.68437,2,6.59
2022,0,Entry,0,1,43317.1166,0,6.65
2023,1,Manager,0,0,135646.8416,11,5.31
2024,1,Manager,0,0,134625.3908,11,6.48
2025,0,Entry,1,0,49423.01006,1,6.46
2026,1,Manager,1,1,109544.9502,6,5.26
2027,1,Manager,0,1,104221.0796,6,3.9
2028,1,Manager,1,0,112155.2577,6,8.14
2029,1,Manager,0,0,110398.0754,7,7.24
2030,1,Manager,1,1,111759.9699,8,6.98
2031,0,Entry,0,0,52789.29866,2,6.59
2032,0,Entry,1,0,48698.95026,1,7.26
2033,1,Manager,0,0,126501.5486,10,7.32
2034,1,Manager,1,1,121424.8674,7,7.62
2035,1,Manager,1,0,116240.6405,8,3.77
2036,0,Entry,0,1,44747.64871,0,3.04
2037,0,Entry,1,0,42074.56868,0,5.92
2038,0,Entry,1,0,51175.84229,3,6.84
2039,1,Manager,0,1,116105.0807,9,6.96
2040,1,Manager,0,1,130634.7725,11,4.6
2041,0,Entry,0,1,47701.70456,1,5.58
2042,1,Manager,0,1,103799.6394,3,5.09
2043,1,Manager,0,0,137713.0063,13,6.38
2044,0,Entry,1,0,55444.05626,4,8.67
2045,0,Entry,1,1,52616.20488,2,4.25
2046,1,Manager,0,0,102118.9318,4,4.98
2047,1,Manager,0,1,124773.6328,11,4.82
2048,1,Manager,0,0,122711.2939,7,6.8
2049,0,Entry,0,1,47369.47425,2,5.23
2050,0,Entry,1,0,49122.02937,3,5.92
2051,0,Entry,1,0,45938.10329,2,5.24
2052,0,Entry,1,1,49877.02384,1,2.46
2053,0,Entry,0,1,43218.32492,1,6.9
2054,1,Manager,0,1,131559.1957,8,7.44
2055,0,Entry,1,1,52284.34968,3,4.61
2056,1,Manager,1,0,131563.2239,10,6.64
2057,0,Entry,0,0,51701.6106,2,6.59
2058,0,Entry,0,0,47227.07488,1,5.24
2059,0,Entry,1,1,49086.50904,3,6.28
2060,0,Entry,0,0,52967.31877,3,3.9
2061,0,Entry,0,1,48038.04196,2,4.58
2062,1,Manager,0,1,136306.5693,13,4.91
2063,1,Manager,0,1,152057.4598,14,6.35
2064,0,Entry,0,1,52781.68035,2,6.48
2065,0,Entry,0,0,46583.91387,2,8.19
2066,1,Manager,0,1,136167.8604,11,6.84
2067,0,Entry,1,0,45231.34734,1,5.24
2068,1,Manager,1,1,111012.0412,8,3.87
2069,1,Manager,1,1,113312.4636,8,5.8
2070,0,Entry,0,0,52281.46088,2,5.92
2071,0,Entry,1,1,49592.21463,1,3.29
2072,0,Entry,0,0,47035.23613,2,6.2
2073,0,Entry,0,1,48687.34734,3,5.74
2074,0,Entry,1,0,56181.06093,3,3.78
2075,1,Manager,0,0,125949.2777,11,7.76
2076,0,Entry,1,0,53764.74334,2,5.94
2077,0,Entry,0,0,49638.36454,1,5.92
2078,0,Entry,0,0,47553.82956,2,5.24
2079,0,Entry,0,1,51240.35877,3,5.77
2080,1,Manager,1,1,123419.6621,8,7.16
2081,0,Entry,1,1,53278.26976,2,5.3
2082,0,Entry,1,0,51083.60717,2,5.24
2083,1,Manager,1,0,95243.71715,4,7.54
2084,0,Entry,1,0,46617.0375,2,7.39
2085,1,Manager,0,0,126791.7396,10,6.11
2086,0,Entry,0,0,54627.75749,2,5.24
2087,0,Entry,1,0,47439.2117,2,8.23
2088,1,Manager,1,0,114279.2005,6,5.68
2089,0,Entry,1,1,48942.87877,1,4.86
2090,1,Manager,0,0,129633.1907,11,6.03
2091,1,Manager,0,0,108806.2901,5,5.22
2092,1,Manager,1,0,122630.8232,7,4.97
2093,0,Entry,1,0,47919.76029,2,5.92
2094,1,Manager,0,1,124012.4579,7,5.17
2095,1,Manager,0,1,133584.5906,12,4.69
2096,0,Entry,0,0,53587.19366,2,3.9
2097,0,Entry,1,1,48503.52039,1,6.56
2098,1,Manager,0,1,108976.7102,5,4.82
2099,0,Entry,1,1,46295.10272,1,2.53
2100,0,Entry,0,1,41219.55586,-1,5.51
2101,1,Manager,1,0,123038.7114,9,4.43
2102,1,Manager,1,0,107354.7135,5,5.93
2103,1,Manager,1,1,115832.8033,6,4.48
2104,1,Manager,0,1,137832.3105,13,6.36
2105,1,Manager,0,1,141160.4399,14,4.95
2106,1,Manager,1,0,101264.0724,6,3.34
2107,1,Manager,0,1,120510.4781,10,5.3
2108,0,Entry,1,0,46082.76797,1,7.41
2109,0,Entry,0,1,50709.60979,3,4.47
2110,1,Manager,1,1,113385.5626,7,6.89
2111,0,Entry,0,1,49979.11271,3,4.8
2112,0,Entry,1,0,43771.26717,0,7.21
2113,0,Entry,1,1,53287.67756,2,3.75
2114,0,Entry,0,0,50583.9999,2,3.9
2115,1,Manager,1,1,101261.2789,4,5.64
2116,1,Manager,0,1,129672.4066,11,7.61
2117,0,Entry,0,1,56523.984,4,4.36
2118,0,Entry,0,0,50677.04374,2,6.07
2119,0,Entry,0,0,49876.31097,2,4.57
2120,1,Manager,0,1,121484.1544,10,4.02
2121,0,Entry,1,0,55055.85697,3,4.9
2122,1,Manager,0,1,132418.3781,12,7.65
2123,0,Entry,0,1,50352.6438,3,4.47
2124,1,Manager,1,0,103240.7133,6,3.96
2125,1,Manager,0,1,119281.6283,8,5.79
2126,0,Entry,0,1,53967.3207,4,4.59
2127,1,Manager,1,1,107698.8822,7,4.76
2128,0,Entry,0,1,47310.17091,2,5.11
2129,0,Entry,1,1,52623.30655,3,6.11
2130,1,Manager,0,1,141211.8888,12,4.24
2131,0,Entry,1,1,54112.14178,3,5.79
2132,0,Entry,1,0,47495.52754,1,4.57
2133,0,Entry,1,0,53658.95313,2,7.93
2134,1,Manager,0,0,119071.1023,7,5.99
2135,1,Manager,1,1,107309.1392,4,5.99
2136,0,Entry,1,0,47846.26304,1,5.24
2137,0,Entry,1,0,47101.36822,2,5.92
2138,0,Entry,1,0,53259.99594,2,5.24
2139,0,Entry,0,1,55401.52575,3,4.92
2140,0,Entry,0,0,49820.19929,1,3.23
2141,1,Manager,0,1,128070.7936,9,3.85
2142,0,Entry,0,0,49925.78038,2,8.27
2143,1,Manager,0,0,123412.484,9,7.54
2144,1,Manager,1,0,120625.3302,9,7.85
2145,1,Manager,0,1,113489.7145,5,5.83
2146,1,Manager,0,0,127068.9576,8,5.03
2147,0,Entry,0,1,51649.1964,2,2.84
2148,0,Entry,0,0,52873.02597,2,4.57
2149,1,Manager,0,0,121363.8048,8,5.4
2150,1,Manager,1,1,93973.51323,2,6.31
2151,0,Entry,1,0,50641.97418,1,5.24
2152,1,Manager,1,1,117170.1111,9,6.36
2153,0,Entry,0,1,55344.00195,3,7.2
2154,1,Manager,0,0,114142.0776,7,5.65
2155,1,Manager,0,1,125745.5004,9,5.29
2156,1,Manager,1,0,102800.4856,5,6.35
2157,1,Manager,1,1,103116.8762,7,5.84
2158,0,Entry,0,1,56104.76015,3,3.84
2159,1,Manager,0,0,132359.4999,12,7.86
2160,0,Entry,0,1,49937.66962,1,5.23
2161,1,Manager,0,1,120621.7026,7,5.19
2162,0,Entry,1,1,51980.70263,2,5.62
2163,1,Manager,0,1,142775.5628,14,4.32
2164,0,Entry,0,1,47013.78303,1,6.08
2165,0,Entry,0,1,48578.06528,1,5.02
2166,1,Manager,0,0,124544.9792,8,5.35
2167,1,Manager,1,0,107455.3497,7,5.88
2168,1,Manager,0,1,112854.6017,8,5.38
2169,0,Entry,0,0,52239.19357,2,6.59
2170,0,Entry,1,0,45303.19201,0,5.94
2171,0,Entry,1,1,53898.03364,2,6
2172,0,Entry,0,1,52052.882,3,3.77
2173,1,Manager,0,1,128090.8101,8,6.31
2174,0,Entry,0,0,47646.26691,1,4.57
2175,1,Manager,0,1,127566.5505,8,9.1
2176,0,Entry,1,1,51584.08707,1,5.07
2177,1,Manager,1,1,113688.4275,9,4.67
2178,1,Manager,1,1,98565.79486,3,4.42
2179,1,Manager,0,1,105198.9635,3,7.05
2180,1,Manager,1,1,103948.9241,4,5.33
2181,1,Manager,0,0,114675.1966,8,8.99
2182,0,Entry,1,0,46780.3534,1,7.58
2183,1,Manager,1,0,96825.78288,4,5.69
2184,1,Manager,0,0,133246.2969,12,5.82
2185,0,Entry,0,1,50743.58587,2,6.03
2186,0,Entry,0,0,51201.08608,2,5.92
2187,0,Entry,1,0,52281.7375,3,6.23
2188,0,Entry,0,1,52290.84417,3,4.34
2189,1,Manager,1,0,91480.27614,3,6.39
2190,0,Entry,1,0,49192.53208,2,5.88
2191,0,Entry,0,0,51928.92943,3,3.9
2192,1,Manager,0,0,125721.4159,10,7.91
2193,0,Entry,0,1,56359.21806,3,6.66
2194,0,Entry,0,1,44733.55955,1,4.82
2195,1,Manager,0,0,133347.1792,10,5.26
2196,0,Entry,1,1,51088.00262,2,3.08
2197,0,Entry,0,1,51676.85149,2,5.7
2198,1,Manager,0,1,109797.7184,7,4.57
2199,0,Entry,1,0,51446.57449,1,5.24
2200,0,Entry,1,0,40936.56387,0,4.27
2201,0,Entry,0,1,49083.27715,2,4.34
2202,1,Manager,0,0,129800.968,9,8.09
2203,1,Manager,1,1,110315.9183,7,7.15
2204,0,Entry,0,1,54747.86217,2,2.94
2205,1,Manager,0,1,114475.9025,8,7.04
2206,1,Manager,0,1,123978.7664,10,4.54
2207,0,Entry,0,0,52134.72146,2,5.92
2208,0,Entry,0,0,53711.6018,4,6.49
2209,1,Manager,0,1,117329.7354,6,5.84
2210,0,Entry,1,0,49509.02476,2,7.58
2211,0,Entry,0,1,55472.14436,4,6.71
2212,0,Entry,1,0,43434.04409,1,6.59
2213,0,Entry,0,0,48851.83283,1,4.57
2214,1,Manager,0,1,118427.1979,9,5.64
2215,0,Entry,0,0,50306.84985,3,4.71
2216,1,Manager,0,1,137479.2008,13,6.22
2217,1,Manager,1,1,127970.9144,10,3.46
2218,0,Entry,1,1,52419.12409,3,4.75
2219,1,Manager,0,1,123490.0125,8,5.78
2220,1,Manager,0,1,124800.7653,10,4.68
2221,0,Entry,0,1,45883.95076,2,3.21
2222,0,Entry,1,1,48671.123,2,4.55
2223,0,Entry,1,0,44225.31165,1,5.92
2224,0,Entry,1,0,50050.81958,2,6.29
2225,0,Entry,0,1,52066.99771,2,4.78
2226,0,Entry,0,0,51059.73768,2,5.24
2227,1,Manager,1,1,109198.5272,4,4.87
2228,1,Manager,0,1,119380.7365,9,7.68
2229,1,Manager,1,1,105529.3252,4,4.73
2230,1,Manager,1,0,108223.4727,8,4.73
2231,0,Entry,1,0,45115.12971,0,5.92
2232,0,Entry,1,0,48252.57674,3,6.04
2233,0,Entry,1,1,49677.99598,2,5.45
2234,0,Entry,1,1,43310.08173,1,4.45
2235,1,Manager,0,1,117744.9734,9,6.13
2236,1,Manager,0,1,115153.3719,5,4.3
2237,0,Entry,1,1,54842.44239,3,3.61
2238,0,Entry,0,1,50825.5785,1,4.93
2239,1,Manager,0,0,126791.714,8,5.38
2240,1,Manager,0,0,127306.6279,10,7.58
2241,1,Manager,0,0,119935.5365,9,2.5
2242,0,Entry,0,0,50672.91314,2,5.92
2243,0,Entry,1,0,50216.64418,2,5.42
2244,0,Entry,0,0,46534.83691,1,5.92
2245,0,Entry,1,1,46813.68907,2,4.56
2246,1,Manager,0,0,137767.6292,11,6.45
2247,1,Manager,0,0,143843.7212,14,4.16
2248,1,Manager,0,1,112278.655,8,5.91
2249,1,Manager,0,0,117770.9915,8,7.43
2250,0,Entry,0,1,41400.46366,1,6.3
2251,0,Entry,0,1,48683.96442,2,3.81
2252,1,Manager,0,0,142270.906,12,3.65
2253,0,Entry,0,1,51029.63126,3,5.02
2254,0,Entry,0,0,44952.11763,0,6.58
2255,0,Entry,0,0,52074.19554,3,5.32
2256,1,Manager,1,1,107446.7836,7,4.98
2257,0,Entry,0,1,43211.54121,1,5.64
2258,0,Entry,1,0,52890.71867,4,5.42
2259,0,Entry,1,0,48712.31045,1,3.9
2260,1,Manager,1,1,112959.4618,9,4.9
2261,1,Manager,0,1,135850.675,10,6.29
2262,0,Entry,0,1,52489.76979,3,7.18
2263,0,Entry,1,0,48154.33153,2,5.24
2264,0,Entry,0,1,52944.46105,3,3.69
2265,1,Manager,0,0,122169.8146,7,6.37
2266,1,Manager,0,1,131114.2436,8,6.82
2267,0,Manager,1,0,89411.15285,2,6.43
2268,0,Entry,0,0,53264.61221,3,6.08
2269,1,Manager,0,1,131476.2041,11,5.48
2270,0,Entry,1,0,50116.11637,2,5.18
2271,1,Manager,0,1,118564.9337,9,4.73
2272,0,Entry,0,0,51968.55662,3,4.57
2273,1,Manager,1,1,123029.5218,10,4.75
2274,1,Manager,0,0,115835.7944,7,6.04
2275,1,Manager,1,1,105955.4738,4,6.24
2276,1,Manager,0,0,127391.4645,10,7.74
2277,1,Manager,0,1,131634.1084,12,6.75
2278,1,Manager,1,0,109442.1836,5,7.44
2279,0,Entry,0,1,54441.62721,2,5.8
2280,1,Manager,0,0,116287.7276,8,6.87
2281,1,Manager,0,1,111449.8602,6,8.85
2282,0,Entry,1,1,52267.07757,3,5.65
2283,1,Manager,0,0,129990.2805,9,5.56
2284,0,Entry,0,0,54498.40222,4,5.47
2285,1,Manager,0,1,111748.4602,7,5.68
2286,0,Entry,1,1,52616.97739,3,4.12
2287,0,Entry,1,0,43350.83348,0,4.57
2288,0,Entry,0,1,54390.14253,2,5.45
2289,1,Manager,0,1,117114.3551,6,5.36
2290,1,Manager,0,1,112413.286,8,5.02
2291,0,Entry,0,0,53012.61746,2,5.92
2292,1,Manager,0,0,113076.3236,7,8.44
2293,0,Entry,1,0,49939.04004,2,5.24
2294,0,Entry,1,0,51591.50336,2,4.57
2295,1,Manager,0,0,103815.9128,4,7.63
2296,1,Manager,1,0,109161.3206,6,5.77
2297,0,Entry,0,1,50545.52178,3,5.33
2298,1,Manager,0,1,115302.6467,6,7.1
2299,0,Entry,1,1,47998.46824,3,6.97
2300,0,Entry,0,0,48834.91917,2,7.26
2301,1,Manager,0,1,125178.32,10,6.17
2302,0,Entry,0,0,56820.07507,3,5.92
2303,0,Entry,0,0,53931.14915,2,6.86
2304,1,Manager,1,0,108907.6208,7,5.59
2305,1,Manager,0,0,124041.8541,7,4.98
2306,1,Manager,0,1,126952.7626,10,8.48
2307,1,Manager,0,1,121465.3625,10,3.61
2308,1,Manager,0,1,126273.8828,8,6.78
2309,1,Manager,0,0,120427.9616,8,6.34
2310,1,Manager,1,0,114626.6136,9,3.93
2311,1,Manager,0,1,134877.7521,10,6.52
2312,1,Manager,1,0,97386.88414,3,6.28
2313,1,Manager,0,1,114500.5271,8,5.83
2314,1,Manager,0,1,121252.8192,7,5.9
2315,1,Manager,0,1,111688.4941,7,6.03
2316,0,Entry,1,0,50890.44729,2,5.92
2317,1,Manager,1,0,121060.0355,8,7.69
2318,1,Manager,1,0,119125.8201,6,8.62
2319,0,Entry,0,0,50623.30495,1,5.92
2320,1,Manager,0,1,128942.8623,10,5.91
2321,1,Manager,0,0,125258.2701,10,6.33
2322,1,Manager,0,1,129149.6315,9,7.41
2323,0,Entry,0,0,50229.74329,2,6.94
2324,0,Entry,1,1,45464.0392,2,5.79
2325,1,Manager,0,1,109926.9675,7,4.54
2326,0,Entry,0,0,56224.35287,3,8.02
2327,1,Manager,0,1,111890.663,5,4.09
2328,1,Manager,0,0,128701.2548,10,5.23
2329,0,Entry,1,1,53400.9286,3,4.55
2330,1,Manager,1,1,109072.6271,8,3
2331,1,Manager,1,0,110729.556,5,7.11
2332,1,Manager,1,1,110571.4681,6,7.17
2333,0,Entry,0,0,49390.28873,2,4.57
2334,0,Entry,1,1,52753.82441,2,5.95
2335,0,Entry,0,1,45277.2345,1,6.21
2336,0,Entry,0,0,42270.20206,0,4.57
2337,1,Manager,0,1,124752.2166,9,7.49
2338,0,Entry,1,0,48914.13728,2,4.57
2339,1,Manager,0,1,125903.7088,9,4.28
2340,1,Manager,1,0,100856.4916,3,4.59
2341,0,Entry,1,1,46985.62376,1,6.88
2342,0,Entry,0,1,46153.40417,0,3.83
2343,1,Manager,0,1,118197.9591,9,4.12
2344,0,Entry,0,0,52365.4953,3,7.82
2345,1,Manager,0,0,123368.2498,9,8.53
2346,0,Entry,0,0,54268.14173,2,6.3
2347,1,Manager,0,1,124730.6663,8,6.43
2348,1,Manager,1,1,106506.5295,6,4.91
2349,1,Manager,0,0,118065.968,8,4.96
2350,0,Entry,0,1,55236.7616,4,3.72
2351,0,Entry,1,0,53270.01228,3,7.06
2352,0,Entry,1,0,46245.61456,1,4.57
2353,1,Manager,1,0,127541.715,9,5.82
2354,0,Entry,0,1,46013.19712,1,5.24
2355,1,Manager,1,1,122490.9516,7,4.74
2356,0,Entry,0,0,47816.72862,2,5.24
2357,1,Manager,0,1,116717.4702,6,6.03
2358,0,Entry,1,0,44613.31228,0,6.59
2359,0,Entry,1,0,48700.34585,3,5.92
2360,0,Entry,1,0,51601.98527,3,5.33
2361,1,Manager,0,1,132354.3097,10,7.05
2362,0,Entry,0,0,47807.30186,2,5.24
2363,1,Manager,0,1,113320.7153,5,6.86
2364,0,Manager,1,1,89453.42975,4,4.5
2365,1,Manager,0,0,129303.7602,9,7.57
2366,1,Manager,1,1,101602.203,6,5.34
2367,0,Entry,0,1,53358.17687,2,3.87
2368,0,Entry,0,0,51500.59998,1,4.57
2369,1,Manager,1,1,124516.1795,10,4.03
2370,0,Entry,0,0,51961.27008,3,4.57
2371,1,Manager,0,0,129342.7013,9,5.82
2372,0,Entry,1,1,43241.36568,0,3.99
2373,0,Entry,1,0,55485.82466,3,6.32
2374,0,Entry,0,0,51937.55155,3,5
2375,1,Manager,1,1,122572.5694,9,6.37
2376,0,Entry,1,1,53377.48203,2,2.95
2377,0,Entry,0,1,51924.72275,3,4.03
2378,0,Entry,1,0,49118.8534,2,4.57
2379,1,Manager,0,1,130458.1607,12,4.31
2380,1,Manager,0,0,106836.5963,5,3.26
2381,1,Manager,0,1,127191.9108,11,7.75
2382,0,Entry,0,1,45806.52467,0,2.83
2383,1,Manager,0,1,131936.2697,9,7.51
2384,0,Entry,1,0,51093.60786,1,5.92
2385,0,Entry,0,0,49716.22541,1,6.26
2386,1,Manager,1,1,122778.3803,9,7.39
2387,0,Entry,0,1,46697.04533,2,3.91
2388,1,Manager,0,0,124465.0753,10,5.18
2389,1,Manager,0,0,124118.1348,10,7.84
2390,0,Entry,0,0,41571.09047,-1,5.59
2391,0,Entry,0,1,43825.71561,0,4.7
2392,0,Entry,1,1,55910.7424,4,1
2393,1,Manager,1,1,112832.4179,6,5.74
2394,0,Entry,0,0,50805.92591,3,5.92
2395,1,Manager,0,1,138682.0526,12,4.55
2396,0,Entry,0,1,43834.56597,0,4.93
2397,1,Manager,0,1,140161.7282,11,6.54
2398,0,Entry,0,0,49344.51,2,5.92
2399,1,Manager,1,0,91072.38395,3,6.75
2400,0,Entry,0,1,54454.42371,3,4.45
2401,1,Manager,0,0,137341.4285,11,5.86
2402,0,Entry,0,0,54471.00841,4,5.24
2403,1,Manager,0,0,108573.5515,6,7.86
2404,1,Manager,1,1,101559.4169,4,2.63
2405,1,Manager,0,0,119477.5802,7,7.45
2406,1,Manager,0,1,120207.7188,10,6.6
2407,0,Entry,1,1,47331.95017,1,3.91
2408,0,Entry,1,1,52095.9422,2,2.93
2409,0,Entry,1,0,51298.82431,2,4.87
2410,1,Manager,0,1,124616.8746,8,4.5
2411,0,Entry,1,0,47581.23128,1,3.9
2412,0,Entry,0,1,53366.16078,3,5.17
2413,0,Entry,0,1,51340.74187,1,6.14
2414,1,Manager,0,0,122052.0253,8,9.1
2415,1,Manager,0,1,118504.5121,8,5.22
2416,1,Manager,0,0,120955.2248,7,6.92
2417,1,Manager,1,1,111521.1257,6,5.08
2418,1,Manager,0,0,133564.7195,10,7.27
2419,1,Manager,0,1,143275.2353,13,4.69
2420,1,Manager,0,1,119790.3156,10,5.87
2421,1,Manager,0,1,111187.369,8,5.9
2422,1,Manager,1,1,93070.82002,2,4.53
2423,0,Entry,1,1,49391.68372,2,6.24
2424,1,Manager,0,1,134624.4431,10,6.73
2425,1,Manager,0,1,98314.63766,6,6.31
2426,0,Entry,0,0,52178.1063,3,5.92
2427,1,Manager,1,0,124187.9899,8,6.31
2428,1,Manager,0,0,96250.9554,4,4.39
2429,1,Manager,0,0,132256.7976,10,5.83
2430,0,Entry,1,1,46573.66766,1,5.11
2431,0,Entry,1,1,46350.72871,2,1.7
2432,1,Manager,0,0,129482.3666,10,6.72
2433,0,Entry,0,0,43111.38028,1,7.87
2434,0,Entry,1,0,52242.99785,3,5.92
2435,1,Manager,1,1,112998.9316,8,5.17
2436,0,Entry,0,0,50862.52103,2,5.24
2437,0,Entry,0,1,50362.98329,2,5.71
2438,1,Manager,0,1,104358.7159,5,7.08
2439,0,Entry,1,1,50669.38763,3,3.66
2440,1,Manager,0,1,148926.8773,15,2.45
2441,0,Entry,1,0,53753.01294,2,8.32
2442,1,Manager,0,1,129115.1502,10,3.67
2443,1,Manager,1,1,122269.9972,9,5.39
2444,0,Entry,1,1,47822.87173,1,5.48
2445,0,Entry,0,0,47187.2363,2,5.92
2446,0,Entry,1,1,49387.43613,1,4.02
2447,0,Entry,1,0,50795.11691,1,6.76
2448,1,Manager,0,1,134561.3659,10,6.21
2449,1,Manager,1,1,110742.7098,6,4.41
2450,0,Entry,0,0,54397.61757,3,5.24
2451,0,Entry,0,1,51627.03039,1,2.66
2452,0,Entry,0,0,52049.50551,3,6.9
2453,1,Manager,1,0,115113.5745,8,5.45
2454,1,Manager,0,1,156125.7511,14,7.4
2455,0,Entry,1,0,46073.02815,1,6.93
2456,0,Entry,1,0,56154.84242,4,5.24
2457,0,Entry,0,0,53532.69465,3,5.92
2458,0,Entry,0,1,45348.07863,2,6.16
2459,0,Entry,1,1,46714.83077,1,4.39
2460,1,Manager,0,0,106704.4438,7,6.94
2461,1,Manager,0,1,127156.2773,9,4.38
2462,0,Entry,0,1,51049.53697,2,1.81
2463,1,Manager,0,0,119340.7981,6,6.06
2464,1,Manager,0,1,115640.1084,8,4.32
2465,0,Entry,1,0,53004.69349,2,7.26
2466,1,Manager,0,0,131003.9298,10,3.54
2467,1,Manager,0,0,131293.3036,12,6.29
2468,0,Entry,1,0,50102.22742,2,6.59
2469,1,Manager,1,0,121935.995,8,7.84
2470,1,Manager,1,1,113107.1241,5,6.65
2471,0,Entry,1,0,49842.95705,2,6.29
2472,0,Entry,1,0,48209.82683,2,4.57
2473,0,Entry,0,1,51341.88448,3,6.97
2474,1,Manager,1,1,124142.233,9,6.57
2475,1,Manager,0,0,123403.4197,9,6.35
2476,0,Entry,1,1,47984.97071,1,5.23
2477,1,Manager,0,1,116168.6216,7,6.31
2478,0,Entry,0,0,52348.83725,2,5.92
2479,0,Entry,0,0,48102.37251,1,5.92
2480,0,Entry,0,0,44528.18787,1,6.59
2481,1,Manager,1,1,105697.6028,6,3.47
2482,1,Manager,0,1,123404.1502,7,5.18
2483,1,Manager,0,0,117450.5817,9,7.77
2484,1,Manager,1,0,101754.1217,3,7.59
2485,1,Manager,1,1,104283.7053,6,5.99
2486,0,Entry,1,0,51366.63561,2,5.24
2487,1,Manager,0,1,124267.7788,10,3.98
2488,0,Entry,1,0,52415.48979,3,4.59
2489,1,Manager,0,1,122120.2497,7,7.43
2490,1,Manager,1,1,100784.6621,4,7.55
2491,1,Manager,1,0,123819.7104,10,4.62
2492,0,Entry,0,0,42946.12878,1,4.57
2493,1,Manager,0,1,115046.3093,7,5.32
2494,1,Manager,0,1,130947.9658,10,5.16
2495,1,Manager,0,1,108978.8911,7,4.12
2496,0,Entry,1,0,51719.03022,2,7.19
2497,1,Manager,0,0,121939.3875,9,6.28
2498,1,Manager,0,1,134335.331,11,6.75
2499,0,Entry,1,0,46022.04107,2,5.37
2500,0,Entry,1,0,47341.50265,2,3.23
2501,1,Manager,0,1,128695.5935,10,5.51
2502,1,Manager,0,0,111215.9822,4,4.7
2503,1,Manager,0,0,105591.5657,4,6.31
2504,0,Entry,0,0,55324.53089,3,6.66
2505,0,Entry,1,1,53737.80314,3,7.11
2506,0,Entry,0,1,55706.95782,4,6.13
2507,1,Manager,1,1,112945.6115,6,8.33
2508,1,Manager,1,1,101077.1654,2,6.7
2509,1,Manager,1,1,119787.294,8,5.09
2510,1,Manager,1,1,106509.3656,4,5.15
2511,0,Entry,0,1,50594.98433,2,6.79
2512,1,Manager,1,0,126715.5274,8,5.6
2513,0,Entry,1,0,52322.95019,3,5.24
2514,1,Manager,0,1,125251.1237,8,5.19
2515,1,Manager,0,0,116667.4618,6,5.44
2516,0,Entry,0,1,56639.96475,3,3.5
2517,0,Entry,0,0,52667.66344,2,4.57
2518,0,Entry,1,1,50245.85335,2,5.18
2519,0,Entry,0,1,52274.88357,2,4.73
2520,1,Manager,0,1,135614.7998,11,5.69
2521,0,Entry,0,1,44875.82684,1,3.59
2522,0,Entry,1,0,43681.08837,0,4.57
2523,0,Entry,1,0,46166.10234,1,6.59
2524,0,Entry,1,0,55456.85493,2,6.59
2525,0,Entry,1,0,51334.38424,3,5.36
2526,0,Entry,1,0,45362.99213,0,3.9
2527,1,Manager,0,0,114045.8257,6,7.93
2528,1,Manager,0,0,125222.8788,7,6.62
2529,1,Manager,0,0,121624.3658,8,8.87
2530,1,Manager,0,1,116194.3622,7,4.8
2531,1,Manager,0,0,109429.7884,5,5.88
2532,0,Entry,1,0,45471.50787,1,6.8
2533,1,Manager,0,1,144066.9402,12,2.6
2534,0,Entry,0,0,46517.88699,1,5.92
2535,0,Entry,1,1,53748.38781,4,2.55
2536,1,Manager,0,1,126928.9872,10,5.15
2537,1,Manager,0,1,125790.6646,8,7.43
2538,1,Manager,0,1,128118.579,10,6.42
2539,0,Entry,0,1,51058.04974,2,5.05
2540,0,Entry,1,0,51107.10465,2,8.06
2541,1,Manager,1,1,114584.9439,6,5.63
2542,0,Entry,1,0,53202.56663,3,5.09
2543,0,Entry,0,1,45376.42659,2,4.88
2544,0,Entry,1,1,48921.02359,1,1.95
2545,1,Manager,0,1,122272.3487,10,6.12
2546,0,Entry,0,0,45036.4085,1,4.57
2547,1,Manager,0,0,128360.3632,9,5.98
2548,0,Entry,0,0,48638.60662,2,5.86
2549,0,Entry,0,0,50150.84916,1,4.57
2550,0,Entry,1,1,50682.63298,3,7.35
2551,0,Entry,1,1,49453.61393,2,2.79
2552,0,Entry,1,1,52966.04886,2,4.52
2553,0,Entry,0,1,51818.44083,3,1.22
